{
  "type": "FeatureCollection",
  "name": "Area_Kab_Riau",
  "crs": {
    "type": "name",
    "properties": { "name": "urn:ogc:def:crs:OGC:1.3:CRS84" }
  },
  "features": [
    {
      "type": "Feature",
      "properties": { "Id": 0, "Keterangan": "Rohil" },
      "geometry": {
        "type": "MultiPolygon",
        "coordinates": [
          [
            [
              [100.918894961736441, 1.813430223333853],
              [100.909079685087363, 1.810455897076565],
              [100.898966975812755, 1.81194306020501],
              [100.890936294917935, 1.815809684339683],
              [100.888259401286518, 1.822948067357174],
              [100.897182380058211, 1.831871046129038],
              [100.897479812683969, 1.831871046129038],
              [100.915920635479154, 1.828004421994365],
              [100.922464153245187, 1.820866038976874],
              [100.918894961736441, 1.813430223333853]
            ]
          ],
          [
            [
              [100.796624613197139, 2.142448531589366],
              [100.813050587544581, 2.137590144810417],
              [100.830896545088308, 2.119982133367387],
              [100.849694287034424, 2.09642546940961],
              [100.86587462187407, 2.074296482055445],
              [100.876106304199084, 2.061209446523378],
              [100.881817010613133, 2.036938944263852],
              [100.882292902814356, 2.0098130887975],
              [100.869919705583982, 2.008861304395111],
              [100.858498292756053, 2.027421100240531],
              [100.838510820307022, 2.053357225204138],
              [100.818999240059156, 2.084290218279932],
              [100.804484527923648, 2.110226343243369],
              [100.796156414403242, 2.134020953301672],
              [100.796624613197139, 2.142448531589366]
            ]
          ],
          [
            [
              [100.796624613197139, 2.142448531589366],
              [100.796156414403242, 2.142587012922775],
              [100.796632306604465, 2.142587012922775],
              [100.796624613197139, 2.142448531589366]
            ]
          ],
          [
            [
              [100.633012521357102, 2.305617962558586],
              [100.646126831343338, 2.305461839820737],
              [100.664210734987591, 2.282381068064126],
              [100.673014740709164, 2.261917703413872],
              [100.680629015927877, 2.245975314674979],
              [100.682056692531319, 2.230508818137082],
              [100.67087322580403, 2.235743632349738],
              [100.655882621467185, 2.24740299127842],
              [100.640178178828762, 2.263107433916787],
              [100.63161211920783, 2.275004738945938],
              [100.628756766000834, 2.292850696489666],
              [100.633012521357102, 2.305617962558586]
            ]
          ],
          [
            [
              [100.633012521357102, 2.305617962558586],
              [100.632801849710745, 2.305620470554345],
              [100.633039795811271, 2.305699785921263],
              [100.633012521357102, 2.305617962558586]
            ]
          ],
          [
            [
              [100.924268577841417, 1.767494728616157],
              [100.929979284255296, 1.75750099239167],
              [100.934262314065904, 1.776774626539009],
              [100.934262314065904, 1.806755835212357],
              [100.928551607651855, 1.826029469359526],
              [100.939973020479783, 1.839592397092815],
              [100.93890226302716, 1.867789010012018],
              [100.922127062936056, 1.884921129253826],
              [100.917487113974687, 1.904908601702857],
              [100.909634892655447, 1.924539155000957],
              [100.894644288318773, 1.960231070088412],
              [100.888219743602974, 1.993781470270562],
              [100.889290501055655, 2.02447651724583],
              [100.884650552094229, 2.062309947238646],
              [100.87893984568035, 2.071946764312202],
              [100.85966621153301, 2.097288024024181],
              [100.839321819933218, 2.123343122038079],
              [100.811839045315935, 2.14975513920291],
              [100.791851572866847, 2.16867185419909],
              [100.771864100417986, 2.187588569195498],
              [100.752947385421635, 2.196868467118293],
              [100.736886023632053, 2.211145233153275],
              [100.724393853351671, 2.227920433244321],
              [100.714043197976196, 2.261113914275711],
              [100.708689410713077, 2.298233505966607],
              [100.712258602221823, 2.323217846527825],
              [100.719040066088326, 2.342491480675164],
              [100.729390721463801, 2.361051276520584],
              [100.74188289174441, 2.374257285102885],
              [100.754375062025019, 2.376041880857258],
              [100.753304304572396, 2.348559106239975],
              [100.757230415232073, 2.317864059264707],
              [100.763298040796883, 2.301802697475352],
              [100.762227283344259, 2.369260416990755],
              [100.777098914630699, 2.393649892300516],
              [100.821118943238559, 2.406736927832583],
              [100.885959255647435, 2.416254771855904],
              [100.912728191963026, 2.419229098113192],
              [100.952584163810684, 2.415659906604446],
              [100.968050660348581, 2.406142062581125],
              [101.031106377003084, 2.401978005820922],
              [101.054782014011096, 2.387225347584717],
              [101.055495852312845, 2.362241007023499],
              [101.051926660804099, 2.339398181367415],
              [101.03836373307098, 2.309416972694009],
              [101.033366864958623, 2.286574147038152],
              [101.027656158544744, 2.26444515968376],
              [101.01980393722539, 2.243030010631287],
              [101.014093230811511, 2.218759508371988],
              [101.010524039302766, 2.184495269887918],
              [101.01195171590615, 2.160938605930141],
              [101.015520907414896, 2.139523456877669],
              [101.020517775527253, 2.117394469523504],
              [101.036222218165676, 2.061001243685268],
              [101.043360601183167, 2.040299932934715],
              [101.049785145898966, 2.018170945580323],
              [101.052640499105962, 1.999611149734903],
              [101.064061911933948, 1.941790247293227],
              [101.072984890705811, 1.917638718083992],
              [101.083692465232048, 1.899792760540265],
              [101.093805174506826, 1.880162207242165],
              [101.115815188810757, 1.833762717628474],
              [101.125927898085536, 1.813537299078916],
              [101.13723033786323, 1.792122150026444],
              [101.147343047138008, 1.773681327231259],
              [101.175896579207972, 1.732635624880686],
              [101.188626695589051, 1.71145842192891],
              [101.198620431813595, 1.693374518284486],
              [101.210993629043969, 1.674338830237843],
              [101.235264131303438, 1.626273717920242],
              [101.244781975326759, 1.605334461068765],
              [101.24954089733842, 1.583443419815296],
              [101.255251603752299, 1.562980055165042],
              [101.278570321609436, 1.510631913036775],
              [101.293322979845584, 1.469705183736437],
              [101.301413147265521, 1.446862358080523],
              [101.305696177075959, 1.408790981987238],
              [101.311406883490008, 1.396893676958086],
              [101.320448835312163, 1.374526743503225],
              [101.329490787134262, 1.353587486651975],
              [101.346147014175074, 1.299335775719044],
              [101.329490787134262, 1.294576853707383],
              [101.275714968402553, 1.279824195471235],
              [101.217180227659014, 1.258409046418763],
              [101.181964204772783, 1.248415310194218],
              [101.140085691070226, 1.240801034975732],
              [101.122001787425802, 1.234614436360459],
              [101.10772502139082, 1.223193023532474],
              [101.091544686551231, 1.209392149698715],
              [101.055376879262553, 1.179410941025139],
              [101.039196544422964, 1.167989528197211],
              [101.005408198140117, 1.147050271345904],
              [100.945445780793193, 1.147605478914045],
              [100.950799568056311, 1.163071975451942],
              [100.956153355319429, 1.175564145732551],
              [100.950204702804854, 1.192220372773363],
              [100.945445780793193, 1.20530740830543],
              [100.926410092746551, 1.199358755790854],
              [100.877631142127029, 1.160097649194654],
              [100.86513897184642, 1.144631152656757],
              [100.848482744805608, 1.130354386621775],
              [100.835395709273541, 1.10953410282076],
              [100.812195964466696, 1.066108939464357],
              [100.805057581449205, 1.043504059908969],
              [100.798514063683172, 1.022683776107954],
              [100.786021893402562, 0.99650970504382],
              [100.702145892947044, 0.997699435546735],
              [100.672997495625623, 1.045288655663342],
              [100.662289921099386, 1.065514074212899],
              [100.649797750818777, 1.023873506610869],
              [100.621839084000271, 0.979853478003008],
              [100.552834714831192, 1.021494045605039],
              [100.537963083544753, 1.038150272645851],
              [100.524876048012686, 1.054211634435205],
              [100.512978742983535, 1.064919208961442],
              [100.46003573560381, 1.112508429078048],
              [100.43564626029405, 1.157718188188824],
              [100.399954345206595, 1.191625507521906],
              [100.38151352241141, 1.197574160036481],
              [100.367236756376428, 1.213040656574378],
              [100.327975649780228, 1.260629876690984],
              [100.33987295480938, 1.280855295240542],
              [100.380918657159953, 1.282045025743457],
              [100.404118401966798, 1.293942330772609],
              [100.413636245990119, 1.308219096807591],
              [100.419584898504695, 1.32547018909986],
              [100.422559224761983, 1.355213451672739],
              [100.414231111241577, 1.368895352456263],
              [100.408282458727001, 1.393284827766024],
              [100.411851650235747, 1.411130785309751],
              [100.416610572247407, 1.453366218163239],
              [100.423748955264898, 1.471212175706967],
              [100.431482203533847, 1.502740034034218],
              [100.443974373814456, 1.513447608560455],
              [100.439810317054253, 1.537242218618758],
              [100.44040518230571, 1.578287920969331],
              [100.432671934036762, 1.607436318290752],
              [100.421369494259068, 1.621118219074276],
              [100.419584898504695, 1.631230928349055],
              [100.429697607779474, 1.647887155389867],
              [100.439215451802795, 1.660974190921934],
              [100.429697607779474, 1.673466361202543],
              [100.42077462900761, 1.702019893272507],
              [100.404118401966798, 1.713917198301658],
              [100.372590543639546, 1.714512063553116],
              [100.35950350810748, 1.721650446570607],
              [100.334519167546262, 1.728788829588098],
              [100.317862940505449, 1.735332347354131],
              [100.300016982961722, 1.740686134617249],
              [100.284550486423825, 1.746634787131825],
              [100.276222372903419, 1.763885879424095],
              [100.279196699160707, 1.796008603002804],
              [100.28336075592091, 1.815639156300904],
              [100.28574021692674, 1.853115667142731],
              [100.301801578716095, 1.856089993400019],
              [100.307155365979213, 1.86560783742334],
              [100.314888614248162, 1.894161369493304],
              [100.314888614248162, 1.915576518545777],
              [100.317268075253992, 1.94175058960991],
              [100.319052671008365, 1.986960348720686],
              [100.320837266762737, 2.016703611293565],
              [100.319052671008365, 2.033954703585835],
              [100.316078344751077, 2.080354193199526],
              [100.319052671008365, 2.104743668509286],
              [100.32500132352294, 2.135081796333623],
              [100.327380784528771, 2.15292775387735],
              [100.350580529335616, 2.217768066286226],
              [100.36188296911331, 2.245726733104732],
              [100.36188296911331, 2.301049201490287],
              [100.347606203078328, 2.331387329314623],
              [100.338088359055007, 2.358751130881672],
              [100.331544841288974, 2.376597088425399],
              [100.301206713464637, 2.468206337149866],
              [100.298232387207349, 2.485457429442135],
              [100.293473465195689, 2.589558848447211],
              [100.295258060950061, 2.606809940739481],
              [100.306560500727755, 2.682357827674593],
              [100.319052671008365, 2.740654622317436],
              [100.319825995835288, 2.740575306950518],
              [100.327678217154471, 2.719160157898045],
              [100.328035136305402, 2.690606625828082],
              [100.332318166115897, 2.677043698094792],
              [100.336601195926335, 2.653606007187477],
              [100.338385791680707, 2.635462617017993],
              [100.341954983189453, 2.617914092100023],
              [100.344037011569583, 2.596201510421793],
              [100.350877961961316, 2.582222177012568],
              [100.35742147972735, 2.558427566954265],
              [100.358313777604565, 2.539391878907622],
              [100.377349465651207, 2.52273565186681],
              [100.377349465651207, 2.506079424825998],
              [100.38151352241141, 2.490612928288101],
              [100.388057040177443, 2.470387509738543],
              [100.392221096937647, 2.445998034428783],
              [100.406021970771576, 2.422917262672172],
              [100.42077462900761, 2.399598544815092],
              [100.434099610640374, 2.371520904946124],
              [100.452659406485793, 2.348202187089043],
              [100.467887956923164, 2.327262930237737],
              [100.485971860567417, 2.303468320179434],
              [100.518808422447819, 2.275866572511916],
              [100.555452121937719, 2.232560382205747],
              [100.581626193001853, 2.217331831768377],
              [100.649678777768486, 2.182115808882088],
              [100.679659986442061, 2.178308671272873],
              [100.718207254736399, 2.141664971782973],
              [100.743429541398314, 2.137857834173758],
              [100.765320582651952, 2.129291774552655],
              [100.783999351547664, 2.110494032606709],
              [100.836823385877153, 2.037325606677427],
              [100.860023130683999, 2.005916721400411],
              [100.871087624360996, 1.986643087253071],
              [100.881438279736471, 1.960944908390161],
              [100.885721309546909, 1.937388244432555],
              [100.890718177659096, 1.92061304434128],
              [100.892145854262708, 1.899554814439739],
              [100.895715045771453, 1.889204159064491],
              [100.904281105392329, 1.877425827085574],
              [100.916059437371246, 1.86850284831371],
              [100.920699386332672, 1.858509112089166],
              [100.918914790578299, 1.846016941808557],
              [100.90642262029769, 1.844946184355933],
              [100.8928596925644, 1.841376992847188],
              [100.883222875490844, 1.833167852377017],
              [100.881438279736471, 1.823887954454392],
              [100.884650552094229, 1.80961118841941],
              [100.898213479827518, 1.801758967100227],
              [100.912133326711569, 1.798189775591482],
              [100.927123931048413, 1.790694473423002],
              [100.924268577841417, 1.767494728616157]
            ]
          ]
        ]
      }
    },
    {
      "type": "Feature",
      "properties": { "Id": 0, "Keterangan": "Rohul" },
      "geometry": {
        "type": "Polygon",
        "coordinates": [
          [
            [100.327975649780228, 1.260629876690984],
            [100.353122576519922, 1.230148753370315],
            [100.38151352241141, 1.197574160036481],
            [100.399954345206595, 1.191625507521906],
            [100.41476783660471, 1.177552690693744],
            [100.431464711468266, 1.161690659573367],
            [100.449709158950441, 1.131650376045457],
            [100.46003573560381, 1.112508429078048],
            [100.489522806829768, 1.086003196515492],
            [100.510734760446326, 1.06693627191629],
            [100.524876048012686, 1.054211634435205],
            [100.537963083544753, 1.038150272645851],
            [100.552834714831192, 1.021494045605039],
            [100.593686203479933, 0.996842285213631],
            [100.621839084000271, 0.979853478003008],
            [100.640775278303181, 1.009667911586462],
            [100.651139143846535, 1.028344816703338],
            [100.662289921099386, 1.065514074212899],
            [100.702145892947044, 0.997699435546735],
            [100.786021893402562, 0.99650970504382],
            [100.798514063683172, 1.022683776107954],
            [100.805057581449205, 1.043504059908969],
            [100.810503633670464, 1.060749891942862],
            [100.820423045637312, 1.08150834780929],
            [100.830583517815398, 1.100526667527447],
            [100.848482744805608, 1.130354386621775],
            [100.86513897184642, 1.144631152656757],
            [100.888067455132273, 1.168497608442806],
            [100.926410092746551, 1.199358755790854],
            [100.945445780793193, 1.20530740830543],
            [100.956153355319429, 1.175564145732551],
            [100.945445780793193, 1.147605478914045],
            [100.945635536799614, 1.1348142686698],
            [100.940876614787953, 1.104357167795001],
            [100.938973045983346, 1.081514342139087],
            [100.935165908374074, 1.059623300885448],
            [100.932310555167078, 1.001564452343302],
            [100.932310555167078, 0.978721626687218],
            [100.928503417557806, 0.953023447824251],
            [100.928503417557806, 0.931132406570612],
            [100.922792711143757, 0.873073558028466],
            [100.91708200472965, 0.848327163567717],
            [100.91708200472965, 0.827387906716467],
            [100.916130220327432, 0.801689727853557],
            [100.907564160706329, 0.71983626925288],
            [100.879010628636365, 0.664632773917617],
            [100.866637431406218, 0.645597085870975],
            [100.852360665371236, 0.629416751031329],
            [100.843794605750134, 0.608477494180079],
            [100.81524107368017, 0.564695411672744],
            [100.801916092047577, 0.546611508028491],
            [100.792398248024256, 0.527575819981848],
            [100.74956794991931, 0.471420540244139],
            [100.738146537091382, 0.458095558611546],
            [100.724821555458618, 0.442867008174176],
            [100.709593005021418, 0.432397379748636],
            [100.684846610560726, 0.386711728436637],
            [100.67342519773274, 0.365772471585387],
            [100.663907353709419, 0.346736783538745],
            [100.655341294088316, 0.326749311089714],
            [100.64201631245578, 0.309617191847678],
            [100.621077055604474, 0.305810054238407],
            [100.60299315196005, 0.289629719398818],
            [100.593475307936728, 0.274401168961447],
            [100.604896720764884, 0.260124402926465],
            [100.630594899627795, 0.212535182809859],
            [100.646775234467441, 0.193499494763216],
            [100.65819664729537, 0.179222728728234],
            [100.664859138111638, 0.159235256279374],
            [100.697219807791043, 0.116404958174428],
            [100.707689436216583, 0.104983545346272],
            [100.725773339861007, 0.093562132518343],
            [100.736242968286547, 0.083092504092804],
            [100.769555422368171, 0.060249678436719],
            [100.793350032426474, 0.052635403218005],
            [100.817144642484777, 0.05453897202284],
            [100.862830293796776, 0.045972912401737],
            [100.913235209437062, -0.041492108404213],
            [100.925132514466213, -0.05457914393628],
            [100.928701705974959, -0.086701867514989],
            [100.945952798267228, -0.086107002263532],
            [100.962014160056583, -0.098599172544141],
            [100.980454982851768, -0.095624846286853],
            [100.992352287880919, -0.080307066061835],
            [101.007818784418816, -0.063650839021022],
            [101.024475011459629, -0.089824910085156],
            [101.026854472465459, -0.114809250646374],
            [101.026854472465459, -0.133844938693017],
            [101.032803124980035, -0.154070357242574],
            [101.041131238500441, -0.16239847076298],
            [101.022690415705256, -0.281966386305953],
            [101.011387975927562, -0.315873705639035],
            [101.004844458161529, -0.338478585194423],
            [100.99711120989258, -0.389042131568317],
            [100.976885791343022, -0.402129167100384],
            [100.963203890559498, -0.389042131568317],
            [100.945357933015771, -0.392016457825605],
            [100.933460627986619, -0.381903748550826],
            [100.91858899670018, -0.377739691790623],
            [100.90371736541374, -0.370601308773132],
            [100.895389251893334, -0.346806698714829],
            [100.885871407870013, -0.317658301393408],
            [100.878733024852522, -0.298622613346765],
            [100.867430585074828, -0.273638272785547],
            [100.841256514010695, -0.240325818703923],
            [100.824005421718425, -0.244489875464126],
            [100.809728655683443, -0.240325818703923],
            [100.791882698139716, -0.23616176194372],
            [100.767493222829955, -0.190952002832944],
            [100.755001052549346, -0.171916314786301],
            [100.740724286514364, -0.161803605511523],
            [100.725852655227925, -0.153475491991117],
            [100.709196428187113, -0.131465477687186],
            [100.678858300362776, -0.094583832096816],
            [100.655063690304473, -0.065435434775395],
            [100.624130697228679, -0.02498459767628],
            [100.610448796445155, -0.00773350538401],
            [100.600336087170376, 0.01189704791409],
            [100.583679860129564, 0.018440565680123],
            [100.568213363591667, 0.044614636744257],
            [100.556910923813973, 0.020225161434496],
            [100.542634157778991, 0.006543260650972],
            [100.523003604480891, -0.017846214658789],
            [100.516460086714858, -0.062461108518107],
            [100.503967916434249, -0.062461108518107],
            [100.487906554644894, -0.056512456003531],
            [100.471250327604082, -0.066030300026853],
            [100.462922214083676, -0.079712200810377],
            [100.45221463955744, -0.102317080365765],
            [100.433258266877715, -0.106322506392246],
            [100.421836854049729, -0.098708231173532],
            [100.408511872416966, -0.112033212806239],
            [100.392331537577377, -0.130117116450549],
            [100.378054771542395, -0.143442098083142],
            [100.364729789909802, -0.138683176071481],
            [100.346645886265378, -0.152008157704131],
            [100.33427268903506, -0.143442098083142],
            [100.316188785390807, -0.126309978841221],
            [100.306670941367486, -0.135827822864542],
            [100.286683468918454, -0.131068900852881],
            [100.265744212067148, -0.105370721989857],
            [100.251467446032166, -0.073010052310622],
            [100.23814246439963, -0.052070795459258],
            [100.229576404778527, -0.028276185400955],
            [100.235287111192577, -0.006385144147373],
            [100.224817482766866, -0.002578006538045],
            [100.211492501134273, 0.021216603520259],
            [100.223865698364648, 0.036445153957629],
            [100.234335326790188, 0.057384410808936],
            [100.229576404778527, 0.065950470429868],
            [100.215299638743545, 0.079275452062575],
            [100.189601459880578, 0.08022723646485],
            [100.171517556236381, 0.104021846523153],
            [100.179131831455038, 0.15636998865142],
            [100.189601459880578, 0.180164598709723],
            [100.201022872708563, 0.199200286756366],
            [100.201022872708563, 0.211573483986683],
            [100.221962129559984, 0.226802034424054],
            [100.236238895594965, 0.243934153666089],
            [100.239094248801848, 0.273439470138271],
            [100.239094248801848, 0.292475158184914],
            [100.242306521159605, 0.319095378187626],
            [100.228029755124624, 0.320166135640306],
            [100.212682231637189, 0.319095378187626],
            [100.190910163433784, 0.349076586861031],
            [100.165925822872566, 0.376202442327553],
            [100.149150622781463, 0.397617591380026],
            [100.125237039672925, 0.419746578734248],
            [100.117027899202753, 0.441161727786721],
            [100.117741737504502, 0.457223089576075],
            [100.127021635427297, 0.464004553442805],
            [100.127021635427297, 0.496484196172275],
            [100.129876988634351, 0.528963838901916],
            [100.127021635427297, 0.547523634747336],
            [100.11595714175013, 0.540385251729845],
            [100.102037294866079, 0.543240604936898],
            [100.08847436713279, 0.555375856066576],
            [100.090258962887162, 0.572507975308554],
            [100.108818758732639, 0.593923124361027],
            [100.116314060901061, 0.606058375490704],
            [100.115600222599369, 0.638181099069413],
            [100.120597090711499, 0.643177967181771],
            [100.137372290802602, 0.648174835293958],
            [100.165211984570817, 0.646390239539585],
            [100.175562639946293, 0.661380843876259],
            [100.165568903721805, 0.671374580100803],
            [100.145224512121786, 0.687792861041089],
            [100.138086129104295, 0.704211141981204],
            [100.134873856746481, 0.7331215932021],
            [100.127378554578058, 0.749182954991454],
            [100.117027899202753, 0.757392095461626],
            [100.097040426753892, 0.778093406212406],
            [100.100609618262638, 0.80664693828237],
            [100.103108052318532, 0.815212997903245],
            [100.112744869392316, 0.823065219222485],
            [100.131304665237735, 0.830203602239976],
            [100.143082997216652, 0.815212997903245],
            [100.160572035609448, 0.803434665924385],
            [100.175205720795361, 0.792370172247388],
            [100.181987184661921, 0.813785321299861],
            [100.165211984570817, 0.838055823559159],
            [100.150935218535835, 0.835200470352333],
            [100.137015371651842, 0.848406478934635],
            [100.115243303448381, 0.869107789685415],
            [100.105606486374825, 0.835914308654026],
            [100.091686639490604, 0.842695772520585],
            [100.088117447981858, 0.855901781102887],
            [100.077766792606553, 0.867680113081803],
            [100.055994724403149, 0.861969406667924],
            [100.036007251954288, 0.872676981194161],
            [100.022087405070238, 0.895876726001006],
            [100.031367302992862, 0.915150360148118],
            [100.047428664782217, 0.954411466744318],
            [100.078480630908302, 0.982608079663351],
            [100.090972801188911, 0.994743330793199],
            [100.118098656655434, 1.0079493393755],
            [100.103108052318532, 1.033290599087707],
            [100.082763660718911, 1.037930548048905],
            [100.070985328739823, 1.045425850217327],
            [100.036007251954288, 1.099677561150258],
            [100.020659728466626, 1.121449629353663],
            [100.019588971014002, 1.141437101802524],
            [100.022444324220999, 1.175701340286537],
            [100.028155030634878, 1.188550429718134],
            [100.040290281764726, 1.202113357451196],
            [100.06313310742064, 1.207824063865246],
            [100.080265226662675, 1.210679417072299],
            [100.110960273637943, 1.204254872356501],
            [100.128092392879751, 1.215676285184486],
            [100.150221380234143, 1.214962446882737],
            [100.165925822872566, 1.212820931977433],
            [100.19447935494253, 1.209965578770607],
            [100.210183797580896, 1.222100829900228],
            [100.238023491349168, 1.228525374616027],
            [100.250872580780708, 1.23066688952116],
            [100.260152478703333, 1.24422981725445],
            [100.286564495868163, 1.242802140651008],
            [100.302982776808278, 1.23138072782308],
            [100.327975649780228, 1.260629876690984]
          ]
        ]
      }
    },
    {
      "type": "Feature",
      "properties": { "Id": 0, "Keterangan": "Bengkalis" },
      "geometry": {
        "type": "MultiPolygon",
        "coordinates": [
          [
            [
              [102.500230246940305, 1.259212760447781],
              [102.503204573197593, 1.249100051173002],
              [102.503204573197593, 1.220546519103038],
              [102.503204573197593, 1.181880277758296],
              [102.506178899454881, 1.155111341442705],
              [102.507963495209253, 1.126557809372741],
              [102.512722417220914, 1.090271029033829],
              [102.518076204484032, 1.06052776646095],
              [102.517481339232575, 1.03613829115119],
              [102.518076204484032, 1.020671794613293],
              [102.515101878226744, 1.008179624332683],
              [102.505584034203423, 1.009369354835599],
              [102.493091863922814, 1.023051255619123],
              [102.477030502133459, 1.03851775215702],
              [102.455020487829529, 1.061122631712408],
              [102.441338587046005, 1.07539939774739],
              [102.423492629502277, 1.090865894285287],
              [102.404456941455635, 1.108116986577556],
              [102.392559636426483, 1.123583483115453],
              [102.381852061900247, 1.144403766916469],
              [102.366980430613808, 1.164629185466026],
              [102.345565281561335, 1.194372448038905],
              [102.328909054520523, 1.21281327083409],
              [102.319391210497201, 1.225900306366157],
              [102.300355522450559, 1.249100051173002],
              [102.284294160661204, 1.257428164693408],
              [102.261094415854359, 1.25445383843612],
              [102.244438188813547, 1.253858973184663],
              [102.222428174509616, 1.252669242681748],
              [102.199228429702771, 1.25445383843612],
              [102.177218415398841, 1.263971682459442],
              [102.154018670591995, 1.274679256985678],
              [102.130224060533692, 1.28657656201483],
              [102.109998641984134, 1.303827654307099],
              [102.095721875949152, 1.318104420342081],
              [102.076091322651052, 1.335355512634351],
              [102.051701847341292, 1.36747823621306],
              [102.029096967785904, 1.399600959791769],
              [102.017199662756752, 1.433508279124851],
              [102.012440740745092, 1.444215853651087],
              [102.009466414487804, 1.456767510456928],
              [102.008038737884362, 1.481038012716397],
              [102.024457018824648, 1.488890234035637],
              [102.04658600617887, 1.489604072337329],
              [102.072998023343473, 1.486034880828583],
              [102.093699334094254, 1.476754982905959],
              [102.120111351258913, 1.465333570077803],
              [102.134388117293895, 1.458909025362232],
              [102.154375589742926, 1.453912157249874],
              [102.167224679174467, 1.447487612534076],
              [102.182215283511198, 1.439635391214892],
              [102.208627300675801, 1.436066199706147],
              [102.228614773124889, 1.433210846499094],
              [102.249316083875613, 1.430355493292268],
              [102.266448203117477, 1.427500140085215],
              [102.290004867075254, 1.416078727257286],
              [102.32712445876615, 1.411795697446621],
              [102.348539607818623, 1.410368020843237],
              [102.379234654793891, 1.40537115273105],
              [102.406360510260413, 1.395377416506506],
              [102.425634144407582, 1.386811356885403],
              [102.444193940253001, 1.381100650471524],
              [102.46346757440034, 1.373248429152341],
              [102.478458178737071, 1.3603993397208],
              [102.480242774491444, 1.348977926892815],
              [102.486310400056254, 1.338270352366578],
              [102.493805702224677, 1.321495152275531],
              [102.50272868099654, 1.30757530539131],
              [102.503442519298289, 1.28687399464053],
              [102.496661055431559, 1.269741875398722],
              [102.500230246940305, 1.259212760447781]
            ]
          ],
          [
            [
              [101.564730761565841, 1.527646997047157],
              [101.584361314863941, 1.526219320443715],
              [101.60470570646379, 1.528360835348849],
              [101.625050098063582, 1.539425329026017],
              [101.642182217305617, 1.549062146099629],
              [101.658243579094972, 1.556914367418813],
              [101.670021911073832, 1.565480427039915],
              [101.684298677108814, 1.564409669587235],
              [101.70285847295429, 1.571548052604726],
              [101.723916702855774, 1.574403405811779],
              [101.738193468890756, 1.572261890906475],
              [101.752827154076726, 1.566908103643357],
              [101.7678177584134, 1.55620052911712],
              [101.777454575486956, 1.544065277987443],
              [101.791374422371177, 1.529074673650541],
              [101.80101123944479, 1.519794775727917],
              [101.807792703311293, 1.511942554408733],
              [101.818857196988517, 1.499807303278885],
              [101.829564771514754, 1.483745941489531],
              [101.838487750286617, 1.471610690359853],
              [101.845983052454869, 1.461973873286297],
              [101.859545980188102, 1.446626349798635],
              [101.870610473865327, 1.435918775272398],
              [101.881674967542324, 1.423426604991789],
              [101.895951733577306, 1.412719030465553],
              [101.913797691121033, 1.396300749525267],
              [101.935569759324437, 1.377384034528859],
              [101.946931685627192, 1.362690862817942],
              [101.954664933896311, 1.353173018794621],
              [101.966859671551163, 1.340383415888255],
              [101.977567246077399, 1.329675841362018],
              [101.988869685855093, 1.317778536332867],
              [101.996602934124041, 1.311829883818291],
              [102.00879767177878, 1.294876224151778],
              [102.020694976807931, 1.282384053871169],
              [102.032294849211496, 1.273758507725006],
              [102.043299856363319, 1.264240663701685],
              [102.05043823938081, 1.255317684929821],
              [102.066202168544578, 1.240148621017681],
              [102.076909743070814, 1.23092820962006],
              [102.096540296368914, 1.215461713082163],
              [102.113791388661184, 1.199995216544266],
              [102.129257885199081, 1.195236294532606],
              [102.145319246988436, 1.186313315760742],
              [102.157811417269045, 1.180364663246166],
              [102.166734396040908, 1.15240599642766],
              [102.164949800286536, 1.132180577878103],
              [102.162570339280705, 1.11314488983146],
              [102.160785743526333, 1.097678393293563],
              [102.16138060877779, 1.082211896755666],
              [102.159596013023418, 1.061391612954651],
              [102.158257566207681, 1.043756562181898],
              [102.159149864084839, 1.026802902515385],
              [102.161529325090669, 1.019367086872137],
              [102.163313920845042, 1.013418434357561],
              [102.166288247102329, 1.006577483965827],
              [102.168965140733917, 0.998249370445421],
              [102.171344601739747, 0.990218689550716],
              [102.179077850008696, 0.985043361863063],
              [102.171225628689456, 0.953634476586103],
              [102.172653305292897, 0.93221932753363],
              [102.157662700956223, 0.927222459421444],
              [102.1419582583178, 0.91151801678285],
              [102.104838666626733, 0.84584489302199],
              [102.094131092100497, 0.828712773780012],
              [102.085565032479565, 0.810152977934536],
              [102.05772533871135, 0.758042781906795],
              [102.047731602486806, 0.738769147759626],
              [102.037737866262262, 0.724492381724644],
              [102.022747261925588, 0.699508041163426],
              [101.999904436269674, 0.658819257963614],
              [101.989196861743437, 0.67024067079177],
              [101.980630802122334, 0.685231275128444],
              [101.967067874389272, 0.710215615689663],
              [101.942797372129746, 0.74091066266476],
              [101.916385354964916, 0.766608841527898],
              [101.899253235723108, 0.777316416054134],
              [101.888545661196872, 0.783027122468013],
              [101.868558188747841, 0.792307020390808],
              [101.848570716298752, 0.795876211899554],
              [101.805740418193807, 0.830140450383396],
              [101.79574668196949, 0.838706510004499],
              [101.777186886123843, 0.839420348306248],
              [101.762196281787169, 0.841561863211552],
              [101.750061030657491, 0.862977012264025],
              [101.741494971036389, 0.872970748488342],
              [101.723649013492661, 0.904379633765359],
              [101.699378511233363, 0.863690850565717],
              [101.688670936707126, 0.847986407927124],
              [101.673680332370225, 0.835137318495754],
              [101.658689728033551, 0.821574390762521],
              [101.635133064075944, 0.777316416054134],
              [101.625853166153149, 0.753045913794608],
              [101.609434885212806, 0.73591379455263],
              [101.59373044257444, 0.728775411535139],
              [101.565890748806169, 0.68880046663719],
              [101.555897012581624, 0.673096023998596],
              [101.543761761452004, 0.654536228153177],
              [101.529484995417022, 0.634548755704316],
              [101.520918935796089, 0.61027825344479],
              [101.513780552778599, 0.610992091746539],
              [101.493793080329567, 0.622413504574467],
              [101.482371667501582, 0.631693402497262],
              [101.469522578070041, 0.645256330230552],
              [101.460242680147417, 0.654536228153177],
              [101.453818135431618, 0.679520568714395],
              [101.443824399207131, 0.678806730412703],
              [101.431689148077453, 0.690941981542323],
              [101.424550765059962, 0.699508041163426],
              [101.405990969214315, 0.700935717766868],
              [101.387431173368896, 0.698794202861734],
              [101.372440569032221, 0.707360262482666],
              [101.35816380299724, 0.711643292293104],
              [101.338890168850071, 0.708787939086051],
              [101.33103794753066, 0.720923190215899],
              [101.306767445271362, 0.734486117949189],
              [101.285352296218889, 0.734486117949189],
              [101.261081793959363, 0.707360262482666],
              [101.236811291699894, 0.681662083619699],
              [101.210399274535234, 0.667385317584717],
              [101.180418065861829, 0.663863715296031],
              [101.163761838821017, 0.667194960704251],
              [101.149485072786035, 0.683851187745063],
              [101.137111875555661, 0.702410983590482],
              [101.125214570526509, 0.711452935412638],
              [101.096661038456546, 0.691941355164772],
              [101.081908380220398, 0.68337529554384],
              [101.063824476576144, 0.67290566711813],
              [101.047644141736384, 0.659580685485537],
              [101.011981969911687, 0.625291660949586],
              [100.977717731427674, 0.646230917800835],
              [100.955292833444162, 0.666885429101569],
              [100.907564160706329, 0.71983626925288],
              [100.91708200472965, 0.827387906716467],
              [100.927332777287063, 0.91923089715084],
              [100.932310555167078, 1.001564452343302],
              [100.938973045983346, 1.081514342139087],
              [100.945445780793193, 1.147605478914045],
              [101.005408198140117, 1.147050271345904],
              [101.07047026047178, 1.191922559659076],
              [101.122001787425802, 1.234614436360459],
              [101.275714968402553, 1.279824195471235],
              [101.346147014175074, 1.299335775719044],
              [101.339740686618427, 1.320202099760479],
              [101.320448835312163, 1.374526743503225],
              [101.34748597173342, 1.405723415108355],
              [101.36604576757901, 1.424283210953774],
              [101.383177886820874, 1.445698360006247],
              [101.410303742287397, 1.474251892076211],
              [101.430291214736428, 1.511371483767277],
              [101.418869801908329, 1.564195518096597],
              [101.446471549576074, 1.590226821500437],
              [101.45979653120861, 1.587847360494607],
              [101.475976866048256, 1.585467899488776],
              [101.493108985290235, 1.573094702258402],
              [101.508337535727662, 1.559769720625866],
              [101.519758948555591, 1.549775984401322],
              [101.537247986948387, 1.538354571573393],
              [101.564730761565841, 1.527646997047157]
            ]
          ],
          [
            [
              [101.385158114375088, 1.893740152131329],
              [101.385082326893155, 1.893594640166327],
              [101.385082326893155, 1.893951559317316],
              [101.385158114375088, 1.893740152131329]
            ]
          ],
          [
            [
              [101.385158114375088, 1.893740152131329],
              [101.394005305665019, 1.910726759408362],
              [101.39650373972114, 1.917508223275092],
              [101.396860658872072, 1.936424938271273],
              [101.400429850380817, 1.942492563836311],
              [101.401857526984259, 2.003525738635744],
              [101.400072931229886, 2.024583968537456],
              [101.40899591000175, 2.046712955891621],
              [101.422915756885743, 2.063845075133656],
              [101.437549442071713, 2.083118709280825],
              [101.453610803861068, 2.09239860720362],
              [101.469672165650422, 2.100964666824552],
              [101.485019689138028, 2.100964666824552],
              [101.497154940267706, 2.090614011449247],
              [101.511431706302687, 2.081334113526452],
              [101.520711604225482, 2.06705734749147],
              [101.525708472337669, 2.060275883624911],
              [101.534274531958772, 2.064915832586109],
              [101.55818811506731, 2.075266487961585],
              [101.564255740632177, 2.076694164565026],
              [101.57210796195136, 2.089543253996567],
              [101.578532506667159, 2.103820020031549],
              [101.581387859874155, 2.115241432859534],
              [101.589240081193395, 2.119524462669972],
              [101.596021545059898, 2.137013501062938],
              [101.617793613263359, 2.155216377757426],
              [101.634568813354406, 2.155930216059119],
              [101.63671032825971, 2.166637790585355],
              [101.652771690049065, 2.17770228426258],
              [101.663836183726062, 2.178059203413511],
              [101.687392847683896, 2.162711679925849],
              [101.702026532869809, 2.149862590494308],
              [101.713447945697737, 2.138084258515391],
              [101.720229409564297, 2.122736735027956],
              [101.721657086167909, 2.102392343427937],
              [101.725583196827415, 2.08668790078957],
              [101.731293903241465, 2.0720542156036],
              [101.743786073522074, 2.071340377301908],
              [101.751638294841314, 2.054208258059873],
              [101.76127511191487, 2.036719219667134],
              [101.773053443893787, 2.016731747218046],
              [101.782333341816582, 2.003525738635744],
              [101.785188695023407, 1.986036700242948],
              [101.788757886532153, 1.965692308643156],
              [101.792683997191887, 1.942135644685379],
              [101.791256320588445, 1.925717363745036],
              [101.78197642266565, 1.920720495632906],
              [101.780191826911278, 1.904302214692564],
              [101.770911928988426, 1.883957823092771],
              [101.761632031065801, 1.872893329415774],
              [101.755207486350059, 1.851835099514062],
              [101.752352133143006, 1.820069295086284],
              [101.750924456539565, 1.789374248111017],
              [101.746998345879888, 1.745473192553391],
              [101.741287639466009, 1.717990417936107],
              [101.736647690504583, 1.698002945487247],
              [101.725940115978347, 1.68622461350833],
              [101.708807996736368, 1.675517038982093],
              [101.688106685985588, 1.656243404834754],
              [101.675257596554218, 1.646249668610437],
              [101.648131741087695, 1.624477600407033],
              [101.623147400526477, 1.600207098147507],
              [101.615652098357998, 1.594139472582697],
              [101.571394123649668, 1.605560885410625],
              [101.538200642618278, 1.612342349277355],
              [101.512859382906299, 1.619480732294846],
              [101.497154940267706, 1.630545225971844],
              [101.474669033762552, 1.639111285592946],
              [101.460749186878559, 1.644821992006825],
              [101.452540046408387, 1.661597192097872],
              [101.445044744240136, 1.688366128413463],
              [101.436835603769964, 1.706212085957191],
              [101.429697220752473, 1.727270315858902],
              [101.425414190942035, 1.761891473493733],
              [101.420417322829678, 1.791872682167082],
              [101.414706616415799, 1.816500103577539],
              [101.398645254626445, 1.8561181293245],
              [101.385158114375088, 1.893740152131329]
            ]
          ]
        ]
      }
    },
    {
      "type": "Feature",
      "properties": { "Id": 0, "Keterangan": "Kampar" },
      "geometry": {
        "type": "MultiPolygon",
        "coordinates": [
          [
            [
              [100.611739513498719, 0.24745256453042],
              [100.604896720764884, 0.260124402926465],
              [100.593475307936728, 0.274401168961447],
              [100.60299315196005, 0.289629719398818],
              [100.631221160545238, 0.307654436954863],
              [100.611739513498719, 0.24745256453042]
            ]
          ],
          [
            [
              [100.433258266877715, -0.106322506392246],
              [100.45221463955744, -0.102317080365765],
              [100.471250327604082, -0.066030300026853],
              [100.487906554644894, -0.056512456003531],
              [100.516460086714858, -0.062461108518107],
              [100.518450412511129, -0.048890705362396],
              [100.523003604480891, -0.017846214658789],
              [100.542634157778991, 0.006543260650972],
              [100.556910923813973, 0.020225161434496],
              [100.568213363591667, 0.044614636744257],
              [100.583679860129564, 0.018440565680123],
              [100.600336087170376, 0.01189704791409],
              [100.624130697228679, -0.02498459767628],
              [100.655063690304473, -0.065435434775395],
              [100.6958019791673, -0.115182029859113],
              [100.725852655227925, -0.153475491991117],
              [100.755001052549346, -0.171916314786301],
              [100.776168471976177, -0.207032952469717],
              [100.791882698139716, -0.23616176194372],
              [100.824005421718425, -0.244489875464126],
              [100.841256514010695, -0.240325818703923],
              [100.867430585074828, -0.273638272785547],
              [100.885871407870013, -0.317658301393408],
              [100.895389251893334, -0.346806698714829],
              [100.90371736541374, -0.370601308773132],
              [100.933460627986619, -0.381903748550826],
              [100.945357933015771, -0.392016457825605],
              [100.963203890559498, -0.389042131568317],
              [100.976885791343022, -0.402129167100384],
              [100.99711120989258, -0.389042131568317],
              [101.001340161100813, -0.361391296745694],
              [101.011387975927562, -0.315873705639035],
              [101.024205589138205, -0.272142197272842],
              [101.033690918501748, -0.210640545593492],
              [101.041131238500441, -0.16239847076298],
              [101.032803124980035, -0.154070357242574],
              [101.026854472465459, -0.114809250646374],
              [101.024475011459629, -0.089824910085156],
              [101.007818784418816, -0.063650839021022],
              [100.980454982851768, -0.095624846286853],
              [100.962014160056583, -0.098599172544141],
              [100.945952798267228, -0.086107002263532],
              [100.928701705974959, -0.086701867514989],
              [100.925132514466213, -0.05457914393628],
              [100.913235209437062, -0.041492108404213],
              [100.897681441117868, -0.014502465581131],
              [100.877589115741614, 0.020362698555061],
              [100.862830293796776, 0.045972912401737],
              [100.817144642484777, 0.05453897202284],
              [100.769555422368171, 0.060249678436719],
              [100.736242968286547, 0.083092504092804],
              [100.707689436216583, 0.104983545346272],
              [100.684646704695183, 0.133045829919183],
              [100.664859138111638, 0.159235256279374],
              [100.65819664729537, 0.179222728728234],
              [100.646775234467441, 0.193499494763216],
              [100.630594899627795, 0.212535182809859],
              [100.614246458788841, 0.242810073252258],
              [100.611739513498719, 0.24745256453042],
              [100.67342519773274, 0.365772471585387],
              [100.709593005021418, 0.432397379748636],
              [100.74956794991931, 0.471420540244139],
              [100.801916092047577, 0.546611508028491],
              [100.83883234845797, 0.600868699665455],
              [100.879010628636365, 0.664632773917617],
              [100.907564160706329, 0.71983626925288],
              [100.912996392069033, 0.707145119550034],
              [100.929176726908679, 0.692868353515053],
              [100.941549924138997, 0.67954337188246],
              [100.977717731427674, 0.646230917800835],
              [100.992946281865045, 0.636713073777514],
              [101.011981969911687, 0.625291660949586],
              [101.030065873555941, 0.611014894914604],
              [101.063378327637565, 0.577702440832979],
              [101.078606878074936, 0.569136381211877],
              [101.095738997316801, 0.555811399579284],
              [101.110967547754171, 0.543438202348909],
              [101.145231786238014, 0.514884670278946],
              [101.16702764905142, 0.503843971212007],
              [101.194391450618468, 0.483380606561752],
              [101.228893635203008, 0.451257882983043],
              [101.24317040123799, 0.445309230468467],
              [101.265775280793378, 0.431032464433486],
              [101.28481096884002, 0.421514620410164],
              [101.289569890851681, 0.406048123872267],
              [101.314554231412899, 0.413186506889758],
              [101.332400188956626, 0.404858393369352],
              [101.345487224488693, 0.391771357837285],
              [101.36095372102659, 0.375115130796473],
              [101.384748331084893, 0.337043754703188],
              [101.383558600581978, 0.310869683639055],
              [101.381179139576147, 0.288264804083667],
              [101.390696983599469, 0.268039385534109],
              [101.387127792090723, 0.245434505978722],
              [101.381179139576147, 0.202604207873776],
              [101.368092104044081, 0.189517172341709],
              [101.338348841471202, 0.147876604739679],
              [101.337159110968287, 0.112184689652224],
              [101.341918032979947, 0.091959271102667],
              [101.379989409073232, 0.089579810096836],
              [101.375230487061572, 0.058646817021042],
              [101.356194799014929, 0.030093284951079],
              [101.352625607506184, -0.004408899633461],
              [101.344297493985778, -0.024634318183018],
              [101.343107763482863, -0.038911084218],
              [101.359763990523675, -0.032962431703424],
              [101.460891083271463, -0.055567311258812],
              [101.477547310312275, -0.049618658744237],
              [101.506100842382239, -0.031772701200509],
              [101.545361948978439, 0.00510894438986],
              [101.573915481048402, 0.021765171430673],
              [101.604848474124196, 0.050318703500636],
              [101.614366318147518, 0.055077625512297],
              [101.644109580720396, 0.065785200038533],
              [101.658386346755378, 0.044370050986061],
              [101.660765807761209, 0.027713823945248],
              [101.660765807761209, 0.007488405395691],
              [101.683370687316597, -0.041290545223831],
              [101.692888531339918, -0.068654346790879],
              [101.701216644860324, -0.090069495843352],
              [101.70954475838073, -0.109105183889994],
              [101.754754517491506, -0.194765780099885],
              [101.744046942965269, -0.217370659655273],
              [101.714303680392391, -0.249493383233983],
              [101.698837183854494, -0.270908532286455],
              [101.67504257379619, -0.303031255865164],
              [101.577484672557148, -0.299462064356419],
              [101.566777098030911, -0.360138320005092],
              [101.570346289539657, -0.381553469057565],
              [101.579864133562978, -0.393450774086716],
              [101.592951169095045, -0.395830235092546],
              [101.601279282615451, -0.427952958671256],
              [101.59414089959796, -0.450557838226644],
              [101.581053864065893, -0.454127029735389],
              [101.581053864065893, -0.481490831302438],
              [101.578674403060063, -0.513613554881147],
              [101.579864133562978, -0.53740816493945],
              [101.575105211551318, -0.564771966506498],
              [101.565587367527996, -0.590946037570632],
              [101.571536020042572, -0.612361186623104],
              [101.560828445516336, -0.607602264611444],
              [101.535844104955117, -0.602843342599783],
              [101.525136530428881, -0.624258491652256],
              [101.532274913446372, -0.645673640704729],
              [101.538223565960948, -0.671847711768862],
              [101.529895452440542, -0.681365555792183],
              [101.522757069423051, -0.715867740376723],
              [101.523946799925966, -0.740852080937941],
              [101.516808416908475, -0.761077499487499],
              [101.51799814741139, -0.778923457031226],
              [101.516986876483998, -0.814436912543215],
              [101.498902972839744, -0.803967284117505],
              [101.492240482023249, -0.811581559336219],
              [101.469397656367391, -0.835376169394522],
              [101.457024459137017, -0.8258583253712],
              [101.452265537125356, -0.864881485866761],
              [101.450361968320749, -0.912470705983367],
              [101.464638734355731, -0.939120669248723],
              [101.469397656367391, -0.971481338928015],
              [101.474156578379052, -0.992420595779322],
              [101.478915500390713, -1.013359852630572],
              [101.478915500390713, -1.066659779161228],
              [101.476060147183659, -1.092357958024195],
              [101.467494087562727, -1.112345430473113],
              [101.443699477504424, -1.112345430473113],
              [101.428470927067053, -1.103779370852124],
              [101.421808436250785, -1.078081191989213],
              [101.421808436250785, -1.059045503942571],
              [101.409435239020411, -1.038106247091264],
              [101.396110257387818, -1.019070559044621],
              [101.370412078524907, -0.983854536158276],
              [101.368508509720073, -0.964818848111634],
              [101.358990665696751, -0.949590297674376],
              [101.350424606075876, -0.919133196799748],
              [101.335196055638448, -0.882013605108796],
              [101.327581780419962, -0.85726721064816],
              [101.338051408845502, -0.841086875808458],
              [101.341858546454944, -0.82109940335954],
              [101.339003193247891, -0.802063715312897],
              [101.320919289603466, -0.781124458461591],
              [101.31330501438498, -0.759233417207952],
              [101.310449661177927, -0.738294160356645],
              [101.301883601556824, -0.713547765895953],
              [101.288558619924288, -0.690704940240039],
              [101.277137207096303, -0.673572820998061],
              [101.263812225463539, -0.680235311814329],
              [101.256197950245053, -0.7030781374703],
              [101.251439028233392, -0.729728100735656],
              [101.229547986979696, -0.753522710793959],
              [101.224789064968036, -0.77636553644993],
              [101.214319436542326, -0.801111930910565],
              [101.201946239311951, -0.823002972164147],
              [101.200994454909733, -0.878206467499467],
              [101.200994454909733, -0.898193939948385],
              [101.194331964093465, -0.919133196799748],
              [101.182910551265309, -0.932458178432341],
              [101.200042670507344, -0.937217100444002],
              [101.180055198058483, -0.968625985721019],
              [101.161971294414059, -0.997179517790983],
              [101.15626058800018, -1.016215205837625],
              [101.136273115551148, -1.048575875516917],
              [101.144839175172024, -1.07522583878216],
              [101.144839175172024, -1.099972233242852],
              [101.129610624734823, -1.131381118519755],
              [101.119140996309113, -1.152320375371119],
              [101.11628564310206, -1.184681045050354],
              [101.102960661469524, -1.177066769831754],
              [101.064889285376239, -1.165645357003712],
              [101.045853597329597, -1.168500710210765],
              [101.04014289091549, -1.14851323776179],
              [101.036335753306275, -1.13518825612914],
              [101.023962556076071, -1.124718627703487],
              [101.005878652431647, -1.104731155254512],
              [100.983035826775733, -1.09330974242647],
              [100.965903707533755, -1.09330974242647],
              [100.94877158829172, -1.094261526828802],
              [100.924976978233417, -1.102827586449791],
              [100.907844858991439, -1.124718627703487],
              [100.893568092956457, -1.123766843301155],
              [100.880243111323864, -1.13042933411748],
              [100.863110992081829, -1.124718627703487],
              [100.847882441644629, -1.125670412105819],
              [100.840268166425915, -1.094261526828802],
              [100.840268166425915, -1.082840114000874],
              [100.83646102881653, -1.056190150735517],
              [100.824087831586326, -1.053334797528578],
              [100.812666418758226, -1.044768737907589],
              [100.804100359137294, -1.029540187470275],
              [100.803148574734905, -1.002890224204918],
              [100.794582515113973, -0.990517026974658],
              [100.780305749078991, -0.973384907732679],
              [100.773643258262666, -0.956252788490644],
              [100.78125753348138, -0.929602825225402],
              [100.769836120653281, -0.909615352776427],
              [100.76507719864162, -0.889627880327396],
              [100.766028983044009, -0.870592192280753],
              [100.753655785813635, -0.844894013417843],
              [100.759366492227684, -0.827761894175808],
              [100.754607570216024, -0.800160146508233],
              [100.751752217009027, -0.780172674059202],
              [100.743186157388095, -0.766847692426609],
              [100.739379019778653, -0.741149513563585],
              [100.757462923423077, -0.724017394321663],
              [100.763173629836956, -0.696415646654032],
              [100.77554682706733, -0.693560293446978],
              [100.799341437125634, -0.704029921872632],
              [100.815521771965223, -0.722113825516942],
              [100.823136047183937, -0.702126353068024],
              [100.830750322402594, -0.68689780263071],
              [100.842171735230579, -0.680235311814329],
              [100.84693065724224, -0.662151408170075],
              [100.84693065724224, -0.637405013709383],
              [100.845027088437575, -0.620272894467462],
              [100.848834226046847, -0.597430068811491],
              [100.833605675609647, -0.583153302776509],
              [100.823136047183937, -0.583153302776509],
              [100.807907496746566, -0.601237206420819],
              [100.800293221528023, -0.594574715604438],
              [100.79172716190692, -0.567924752339195],
              [100.779353964676602, -0.549840848694885],
              [100.778402180274327, -0.533660513855239],
              [100.792678946309309, -0.521287316624921],
              [100.789823593102312, -0.507962334992214],
              [100.804100359137294, -0.495589137761954],
              [100.813618203160615, -0.479408802922251],
              [100.842171735230579, -0.485119509336243],
              [100.84693065724224, -0.455614192863948],
              [100.84693065724224, -0.428964229598705],
              [100.845978872839851, -0.404217835138013],
              [100.842171735230579, -0.379471440677378],
              [100.831702106804869, -0.347110770998086],
              [100.811714634355951, -0.332834004963104],
              [100.800293221528023, -0.325219729744504],
              [100.78125753348138, -0.330930436158496],
              [100.759366492227684, -0.349966124205139],
              [100.733668313364774, -0.351869693009746],
              [100.719391547329792, -0.351869693009746],
              [100.702259428087757, -0.337592926974764],
              [100.692741584064436, -0.369001812251781],
              [100.679416602431729, -0.39089285350542],
              [100.680368386834118, -0.416591032368387],
              [100.668946974006133, -0.412783894759002],
              [100.641345226338444, -0.389941069103031],
              [100.62421310709658, -0.364242890240121],
              [100.609936341061598, -0.346158986595754],
              [100.583286377796242, -0.302376904088533],
              [100.564250689749599, -0.276678725225565],
              [100.540456079691296, -0.258594821581255],
              [100.526179313656314, -0.239559133534613],
              [100.535697157679635, -0.213860954671588],
              [100.514757900828386, -0.198632404234274],
              [100.499529350391015, -0.176741362980692],
              [100.490011506367694, -0.148187830910729],
              [100.478590093539708, -0.122489652047705],
              [100.465265111907001, -0.136766418082686],
              [100.451940130274409, -0.12629678965709],
              [100.433258266877715, -0.106322506392246]
            ]
          ]
        ]
      }
    },
    {
      "type": "Feature",
      "properties": { "Id": 0, "Keterangan": "Pekanbaru" },
      "geometry": {
        "type": "Polygon",
        "coordinates": [
          [
            [101.390696983599469, 0.268039385534109],
            [101.409827850086401, 0.244230895286705],
            [101.428863538133044, 0.244230895286705],
            [101.459320639007615, 0.252796954907637],
            [101.477404542651868, 0.272784427356669],
            [101.495488446296292, 0.304193312633458],
            [101.510716996733493, 0.309904019047565],
            [101.522138409561592, 0.258507661321687],
            [101.542125882010453, 0.239471973275045],
            [101.541174097608234, 0.218532716423567],
            [101.548788372826778, 0.196641675170099],
            [101.574486551689859, 0.189027399951385],
            [101.583052611310791, 0.158570299076814],
            [101.592570455334112, 0.124306060592801],
            [101.600184730552826, 0.090041822108731],
            [101.604848474124196, 0.050318703500636],
            [101.573915481048402, 0.021765171430673],
            [101.545361948978439, 0.00510894438986],
            [101.506100842382239, -0.031772701200509],
            [101.460891083271463, -0.055567311258812],
            [101.417785048994858, -0.045931844773406],
            [101.359763990523675, -0.032962431703424],
            [101.343107763482863, -0.038911084218],
            [101.35450048980897, 0.013714962626011],
            [101.363758739481625, 0.041439195651094],
            [101.375230487061572, 0.058646817021042],
            [101.379989409073232, 0.089579810096836],
            [101.341918032979947, 0.091959271102667],
            [101.337159110968287, 0.112184689652224],
            [101.338348841471202, 0.147876604739679],
            [101.356493705405967, 0.173279414248384],
            [101.381179139576147, 0.202604207873776],
            [101.390696983599469, 0.268039385534109]
          ]
        ]
      }
    },
    {
      "type": "Feature",
      "properties": { "Id": 0, "Keterangan": "Dumai" },
      "geometry": {
        "type": "Polygon",
        "coordinates": [
          [
            [101.430291214736428, 1.511371483767277],
            [101.423985643070921, 1.492918643492317],
            [101.422040219809674, 1.496048207474644],
            [101.417513240671269, 1.48764096050337],
            [101.410303742287397, 1.474251892076211],
            [101.403265277271601, 1.466842981533205],
            [101.39461393539176, 1.457736305870412],
            [101.383177886820874, 1.445698360006247],
            [101.371355969494573, 1.430920963348285],
            [101.363749527621053, 1.421986970995818],
            [101.352744520469059, 1.410981963843824],
            [101.343099156624703, 1.4006617093047],
            [101.333314826630897, 1.389372106554617],
            [101.320448835312163, 1.374526743503225],
            [101.316701362765798, 1.383796807170484],
            [101.313473350782601, 1.391781889444815],
            [101.305696177075959, 1.408790981987238],
            [101.304198350204899, 1.422104998619886],
            [101.302376856466992, 1.438296054067735],
            [101.301413147265521, 1.446862358080523],
            [101.296594918770722, 1.460466767948162],
            [101.293322979845584, 1.469705183736437],
            [101.289028198580581, 1.481619738213681],
            [101.28488304055486, 1.493119208865664],
            [101.279807787182961, 1.507198944026356],
            [101.278570321609436, 1.510631913036775],
            [101.273514038433802, 1.521982752818985],
            [101.268402365143118, 1.533457937757248],
            [101.264654541765083, 1.541871418810103],
            [101.259371005294497, 1.55373241905005],
            [101.255251603752299, 1.562980055165042],
            [101.252557137857991, 1.572635224620285],
            [101.24954089733842, 1.583443419815296],
            [101.246273025562402, 1.598475629985046],
            [101.244781975326759, 1.605334461068765],
            [101.239872313682611, 1.616135716686358],
            [101.232700403514627, 1.631350904325586],
            [101.225023449516243, 1.646554283812463],
            [101.217948423690643, 1.660565609467199],
            [101.210993629043969, 1.674338830237843],
            [101.204289216072823, 1.684653311732006],
            [101.197404296962986, 1.695575143252427],
            [101.192152283728376, 1.705078786248578],
            [101.184596222009134, 1.718163321903148],
            [101.177158785874269, 1.730535879211629],
            [101.168334239403634, 1.743506488349453],
            [101.157755489199246, 1.758713441768123],
            [101.149516794914234, 1.770556564803087],
            [101.143416483359317, 1.78084153176917],
            [101.13723033786323, 1.792122150026444],
            [101.131392469559785, 1.803183374180492],
            [101.125927898085536, 1.813537299078916],
            [101.120277243018108, 1.824838609213771],
            [101.115815188810757, 1.833762717628474],
            [101.111238013742991, 1.843411897501369],
            [101.105155949546145, 1.856233546348733],
            [101.100475166952265, 1.866101142086904],
            [101.096073459409126, 1.875380417448525],
            [101.091974933837207, 1.883715027365781],
            [101.088507404713482, 1.890446113311668],
            [101.083692465232048, 1.899792760540265],
            [101.07891800488386, 1.907750194453854],
            [101.072984890705811, 1.917638718083992],
            [101.069354116388695, 1.927466013902347],
            [101.065368840553674, 1.938252827162728],
            [101.061687053110006, 1.953812970090155],
            [101.058047179357743, 1.972239830960518],
            [101.054870841503316, 1.988320041348288],
            [101.052640499105962, 1.999611149734903],
            [101.050595276689137, 2.012905095444466],
            [101.049785145898966, 2.018170945580323],
            [101.043360601183167, 2.040299932934715],
            [101.039584312961836, 2.051251168776787],
            [101.034653520461688, 2.066634294531866],
            [101.029053826075994, 2.086742288007656],
            [101.025141337609455, 2.100791678410189],
            [101.020517775527253, 2.117394469523504],
            [101.015520907414896, 2.139523456877669],
            [101.01195171590615, 2.160938605930141],
            [101.010524039302766, 2.184495269887918],
            [101.012319695821134, 2.201733572464946],
            [101.014093230811511, 2.218759508371988],
            [101.018537715857462, 2.237648569817281],
            [101.027656158544744, 2.26444515968376],
            [101.033366864958623, 2.286574147038152],
            [101.03836373307098, 2.309416972694009],
            [101.042674800849511, 2.31894670146761],
            [101.048557388329016, 2.331950315896052],
            [101.051926660804099, 2.339398181367415],
            [101.055495852312845, 2.362241007023499],
            [101.063021408486406, 2.343350024455731],
            [101.068077763123824, 2.329073258420749],
            [101.070159791503897, 2.315986222888682],
            [101.075216146141315, 2.305873513613903],
            [101.08681601854471, 2.290109584450306],
            [101.103769678211279, 2.274940520538109],
            [101.115369550614673, 2.2621509176318],
            [101.124589962012294, 2.250551045228349],
            [101.135000103912773, 2.24014090332787],
            [101.14570767843901, 2.229433328801633],
            [101.157604983468161, 2.213074534386521],
            [101.16533823173711, 2.202664392486042],
            [101.179912430397849, 2.185115867568015],
            [101.191809735427, 2.175300590918994],
            [101.205491636210525, 2.163700718515543],
            [101.219768402245506, 2.152100846112148],
            [101.240886118672222, 2.137526647451409],
            [101.258137210964492, 2.126224207673715],
            [101.271224246496558, 2.118490959404767],
            [101.278957494765507, 2.105106491247],
            [101.286393310408755, 2.092019455714933],
            [101.295018856554861, 2.081609313814397],
            [101.303049537449567, 2.072686335042533],
            [101.309890487841301, 2.058707001633309],
            [101.314351977227261, 2.045322533475485],
            [101.317921168736007, 2.03134320006626],
            [101.32446468650204, 2.015876703528363],
            [101.325059551753498, 1.993866689224433],
            [101.326249282256413, 1.973343838049118],
            [101.329223608513701, 1.962933696148639],
            [101.330710771642316, 1.947169766984985],
            [101.330115906390859, 1.928431511564099],
            [101.332792800022446, 1.908800958265999],
            [101.336064558905434, 1.888278107090684],
            [101.344690105051598, 1.856750248763433],
            [101.351828488069089, 1.838309425968248],
            [101.353018218572004, 1.819273737921606],
            [101.357182275332207, 1.802320078255093],
            [101.364320658349698, 1.788935610097269],
            [101.366997551981228, 1.780012631325405],
            [101.362238629969568, 1.769007624173469],
            [101.359561736338037, 1.748782205623911],
            [101.35926430371228, 1.730043950202969],
            [101.35926430371228, 1.715767184167987],
            [101.369079580361358, 1.685726488969408],
            [101.376812828630307, 1.669070261928596],
            [101.383951211647798, 1.655090928519314],
            [101.391981892542447, 1.636352673098429],
            [101.404176630197355, 1.622373339689148],
            [101.423509750869698, 1.602742786391048],
            [101.431242999138647, 1.599173594882302],
            [101.442545438916341, 1.596794133876472],
            [101.450278687185289, 1.594712105496399],
            [101.446471549576074, 1.590226821500437],
            [101.43975448271118, 1.583891932578013],
            [101.432552877905721, 1.577100074252655],
            [101.421829179727183, 1.566986517522309],
            [101.418869801908329, 1.564195518096597],
            [101.425374373144109, 1.534111876131817],
            [101.428175594858601, 1.521156225702555],
            [101.430291214736428, 1.511371483767277]
          ]
        ]
      }
    },
    {
      "type": "Feature",
      "properties": { "Id": 0, "Keterangan": "Kuantansingingi" },
      "geometry": {
        "type": "Polygon",
        "coordinates": [
          [
            [101.045853597329597, -1.168500710210765],
            [101.064889285376239, -1.165645357003712],
            [101.11628564310206, -1.184681045050354],
            [101.119140996309113, -1.152320375371119],
            [101.129610624734823, -1.131381118519755],
            [101.144839175172024, -1.099972233242852],
            [101.144839175172024, -1.07522583878216],
            [101.136273115551148, -1.048575875516917],
            [101.15626058800018, -1.016215205837625],
            [101.161971294414059, -0.997179517790983],
            [101.180055198058483, -0.968625985721019],
            [101.200042670507344, -0.937217100444002],
            [101.182910551265309, -0.932458178432341],
            [101.194331964093465, -0.919133196799748],
            [101.200994454909733, -0.898193939948385],
            [101.200994454909733, -0.878206467499467],
            [101.201603667224106, -0.84287215326475],
            [101.201946239311951, -0.823002972164147],
            [101.214319436542326, -0.801111930910565],
            [101.224789064968036, -0.77636553644993],
            [101.229547986979696, -0.753522710793959],
            [101.251439028233392, -0.729728100735656],
            [101.256197950245053, -0.7030781374703],
            [101.263812225463539, -0.680235311814329],
            [101.277137207096303, -0.673572820998061],
            [101.284662696249598, -0.684861054727833],
            [101.301883601556824, -0.713547765895953],
            [101.308811652701706, -0.733562135869818],
            [101.31330501438498, -0.759233417207952],
            [101.320919289603466, -0.781124458461591],
            [101.339003193247891, -0.802063715312897],
            [101.341858546454944, -0.82109940335954],
            [101.338051408845502, -0.841086875808458],
            [101.327581780419962, -0.85726721064816],
            [101.335196055638448, -0.882013605108796],
            [101.350424606075876, -0.919133196799748],
            [101.358990665696751, -0.949590297674376],
            [101.368508509720073, -0.964818848111634],
            [101.370412078524907, -0.983854536158276],
            [101.396110257387818, -1.019070559044621],
            [101.409435239020411, -1.038106247091264],
            [101.421808436250785, -1.059045503942571],
            [101.421808436250785, -1.078081191989213],
            [101.428470927067053, -1.103779370852124],
            [101.443699477504424, -1.112345430473113],
            [101.467494087562727, -1.112345430473113],
            [101.476060147183659, -1.092357958024195],
            [101.478915500390713, -1.013359852630572],
            [101.469397656367391, -0.971481338928015],
            [101.464638734355731, -0.939120669248723],
            [101.455308905456945, -0.921704988637373],
            [101.450361968320749, -0.912470705983367],
            [101.450857414723032, -0.900084545928621],
            [101.451870586178359, -0.874755259542667],
            [101.45328886810637, -0.856490171823054],
            [101.457024459137017, -0.8258583253712],
            [101.469397656367391, -0.835376169394522],
            [101.498902972839744, -0.803967284117505],
            [101.516986876483998, -0.814436912543215],
            [101.517729489492751, -0.788358091000077],
            [101.521326914214228, -0.789460142994244],
            [101.526323782326415, -0.805878423934473],
            [101.543098982417462, -0.832290441099303],
            [101.557732667603432, -0.865127002979705],
            [101.565941808073546, -0.880831445618242],
            [101.57593554429809, -0.903317352123338],
            [101.586643118824327, -0.910455735140829],
            [101.596993774199632, -0.924375582024879],
            [101.600562965708377, -0.945433811926478],
            [101.6080582678768, -0.961495173715832],
            [101.62197811476085, -0.981839565315738],
            [101.655528514942944, -0.994688654747222],
            [101.664808412865796, -1.00289779521728],
            [101.674088310788591, -1.007180825027831],
            [101.685509723616519, -0.999328603708534],
            [101.695860378991824, -1.012534612290949],
            [101.713706336535552, -1.023956025118878],
            [101.724056991911027, -1.043943497567852],
            [101.729410779174145, -1.056078748697587],
            [101.735478404738956, -1.06286021256426],
            [101.735716350839482, -1.069760649481111],
            [101.730362563576364, -1.076304167247145],
            [101.729172833073449, -1.085227146019008],
            [101.746423925365718, -1.079278493504432],
            [101.763675017657988, -1.089986068030669],
            [101.766649343915276, -1.116160139094802],
            [101.764269882909446, -1.129247174626869],
            [101.757726365143412, -1.13876501865019],
            [101.764864748160903, -1.149472593176426],
            [101.777356918441512, -1.154231515188087],
            [101.79520287598524, -1.15601611094246],
            [101.808884776768764, -1.168508281223069],
            [101.823756408055203, -1.170887742228899],
            [101.836248578335812, -1.170292876977442],
            [101.844576691856219, -1.179215855749305],
            [101.852309940125167, -1.19289775653283],
            [101.8588534578912, -1.198846409047405],
            [101.875509684932013, -1.201225870053236],
            [101.89097618146991, -1.188138834521169],
            [101.905966785806584, -1.19789462464513],
            [101.895973049582267, -1.217406204892939],
            [101.898352510588097, -1.238821353945411],
            [101.903587324800753, -1.258332934193163],
            [101.91405695322652, -1.275465053435198],
            [101.923574797249842, -1.29212128047601],
            [101.923574797249842, -1.324957842356412],
            [101.913581061025297, -1.337806931787895],
            [101.915960522031128, -1.371595278070743],
            [101.912153384421856, -1.395389888129046],
            [101.903587324800753, -1.415377360577963],
            [101.892641804174048, -1.429178234411836],
            [101.885027528955334, -1.439647862837489],
            [101.87741325373662, -1.45202106006775],
            [101.865040056506473, -1.462014796292294],
            [101.8588534578912, -1.472484424717891],
            [101.850287398270268, -1.491996004965756],
            [101.844100799654996, -1.515076776722253],
            [101.833393225128759, -1.545771823697521],
            [101.828396357016629, -1.568614649353435],
            [101.824113327206135, -1.587888283500661],
            [101.820544135697389, -1.614300300665434],
            [101.826968680413188, -1.632146258209161],
            [101.847669991163741, -1.661413628580817],
            [101.850525344370794, -1.679259586124545],
            [101.857663727388285, -1.704957764987569],
            [101.863374433802335, -1.724945237436543],
            [101.869085140216214, -1.747788063092514],
            [101.87479584663032, -1.802039774025388],
            [101.886217259458249, -1.820599569870922],
            [101.871226655121575, -1.835590174207653],
            [101.882648067949503, -1.854863808354878],
            [101.910487761717775, -1.889128046838835],
            [101.91405695322652, -1.904832489477315],
            [101.910487761717775, -1.93409985984897],
            [101.904063217001976, -1.9505181407892],
            [101.892641804174048, -1.964081068522489],
            [101.862660595500643, -1.96622258342768],
            [101.862660595500643, -1.979071672859163],
            [101.852666859276098, -1.991206923988898],
            [101.83553474003412, -1.9897792473854],
            [101.828396357016629, -1.982640864367909],
            [101.809122722869461, -1.967650260031235],
            [101.797701310041305, -1.969791774936425],
            [101.784852220609935, -1.969791774936425],
            [101.764150909859211, -1.975502481350418],
            [101.749874143824229, -1.962653391918934],
            [101.741308084203297, -1.955515008901443],
            [101.73631121609094, -1.949090464185758],
            [101.73060050967706, -1.941952081168267],
            [101.72346212665957, -1.939810566262963],
            [101.714896067038467, -1.939810566262963],
            [101.705616169115842, -1.938382889659522],
            [101.697763947796432, -1.919823093813989],
            [101.706330007417534, -1.899835621365071],
            [101.714896067038467, -1.885558855330089],
            [101.719892935150824, -1.871995927596799],
            [101.719179096848904, -1.859146838165316],
            [101.718465258547212, -1.84558391043214],
            [101.719179096848904, -1.834162497604098],
            [101.702046977607097, -1.838445527414649],
            [101.686342534968503, -1.825596437983108],
            [101.681345666856316, -1.807750480439381],
            [101.674921122140574, -1.787763007990407],
            [101.657075164596847, -1.778483110067725],
            [101.63137698573388, -1.778483110067725],
            [101.613531028190152, -1.773486241955425],
            [101.602823453663916, -1.782766139878163],
            [101.592829717439429, -1.787763007990407],
            [101.571414568386956, -1.785621493085216],
            [101.55285477254148, -1.772058565351927],
            [101.535008814997752, -1.757781799316945],
            [101.518590534057466, -1.757067961015252],
            [101.501458414815431, -1.752784931204758],
            [101.491464678591115, -1.739222003471525],
            [101.479329427461266, -1.715665339513805],
            [101.458628116710486, -1.700674735177017],
            [101.449348218787861, -1.69567786706483],
            [101.44220983577037, -1.689967160650781],
            [101.436499129356321, -1.677118071219297],
            [101.431502261244134, -1.66426898178787],
            [101.420080848416205, -1.647850700847641],
            [101.414370142002156, -1.633573934812659],
            [101.404376405777612, -1.624294036889921],
            [101.39009963974263, -1.612872624061879],
            [101.370112167293769, -1.596454343121707],
            [101.360118431069225, -1.572897679163987],
            [101.357976916163921, -1.554337883318453],
            [101.353693886353483, -1.550768691809708],
            [101.347269341637684, -1.531495057662539],
            [101.328709545792265, -1.532208895964288],
            [101.321571162774774, -1.522215159739744],
            [101.297300660515248, -1.513649100118812],
            [101.284451571083878, -1.503655363894325],
            [101.26660561354015, -1.503655363894325],
            [101.257325715617355, -1.507938393704762],
            [101.246618141091119, -1.503655363894325],
            [101.242335111280624, -1.490806274462841],
            [101.225202992038646, -1.479384861634799],
            [101.213067740908969, -1.467249610505121],
            [101.205929357891478, -1.447262138056089],
            [101.194507945063322, -1.430130018814168],
            [101.190938753554576, -1.414425576175688],
            [101.165240574691666, -1.393724265424908],
            [101.153105323561988, -1.382302852596979],
            [101.133117851112956, -1.368739924863689],
            [101.120268761681587, -1.355890835432206],
            [101.115271893569229, -1.344469422604277],
            [101.093856744516756, -1.346610937509524],
            [101.082435331688828, -1.344469422604277],
            [101.068158565653846, -1.34232790769903],
            [101.06958624225723, -1.32662346506055],
            [101.068158565653846, -1.314488213930815],
            [101.058164829429302, -1.300925286197526],
            [101.050312608110119, -1.290217711671289],
            [101.043174225092628, -1.264519532808379],
            [101.042460386790879, -1.247387413566344],
            [101.041032710187267, -1.233824485833168],
            [101.034608165471695, -1.215264689987634],
            [101.026755944152285, -1.202415600556151],
            [101.042460386790879, -1.191708026029914],
            [101.045853597329597, -1.168500710210765]
          ]
        ]
      }
    },
    {
      "type": "Feature",
      "properties": { "Id": 0, "Keterangan": "Indragiri Hulu" },
      "geometry": {
        "type": "Polygon",
        "coordinates": [
          [
            [101.910487761717775, -1.889128046838835],
            [101.882648067949503, -1.854863808354878],
            [101.871226655121575, -1.835590174207653],
            [101.886217259458249, -1.820599569870922],
            [101.87479584663032, -1.802039774025388],
            [101.869510611681562, -1.751830042012443],
            [101.863374433802335, -1.724945237436543],
            [101.857663727388285, -1.704957764987569],
            [101.850525344370794, -1.679259586124545],
            [101.847669991163741, -1.661413628580817],
            [101.826968680413188, -1.632146258209161],
            [101.820544135697389, -1.614300300665434],
            [101.824113327206135, -1.587888283500661],
            [101.828396357016629, -1.568614649353435],
            [101.833393225128759, -1.545771823697521],
            [101.847769569777199, -1.501389442035986],
            [101.865040056506473, -1.462014796292294],
            [101.880759827878705, -1.446582877086826],
            [101.903587324800753, -1.415377360577963],
            [101.912153384421856, -1.395389888129046],
            [101.915960522031128, -1.371595278070743],
            [101.913581061025297, -1.337806931787895],
            [101.923574797249842, -1.324957842356412],
            [101.923574797249842, -1.29212128047601],
            [101.91405695322652, -1.275465053435198],
            [101.903587324800753, -1.258332934193163],
            [101.898352510588097, -1.238821353945411],
            [101.895973049582267, -1.217406204892939],
            [101.905966785806584, -1.19789462464513],
            [101.915643260563741, -1.203874522607236],
            [101.932775379805719, -1.206729875814176],
            [101.949193660745834, -1.209585229021229],
            [101.961328911875682, -1.216009773736914],
            [101.990596282247395, -1.205302199210678],
            [101.99987618017002, -1.185314726761703],
            [102.004159209980628, -1.166754930916284],
            [102.005586886584069, -1.141770590355065],
            [102.012011431299868, -1.140342913751567],
            [102.03128506544698, -1.14819513507075],
            [102.048417184689015, -1.154619679786549],
            [102.055555567706506, -1.143912105260313],
            [102.077684555060671, -1.133918369035769],
            [102.09124748279396, -1.135346045639267],
            [102.111234955242992, -1.131776854130521],
            [102.135505457502347, -1.139629075449818],
            [102.139074649011093, -1.121069279604285],
            [102.124084044674362, -1.115358573190349],
            [102.11765949995862, -1.097512615646622],
            [102.11765949995862, -1.040405551506694],
            [102.133363942597214, -1.044688581317132],
            [102.150496061839192, -1.04397474301544],
            [102.161203636365428, -1.026842623773405],
            [102.17548040240041, -1.032553330187454],
            [102.178335755607293, -1.013279696040229],
            [102.197609389754632, -0.947606572279312],
            [102.194754036547579, -0.930474453037277],
            [102.199037066358017, -0.913342333795356],
            [102.21474150899661, -0.898351729458568],
            [102.24115352616127, -0.892641023044575],
            [102.257571807101556, -0.89406869964813],
            [102.298260590301197, -0.901920920967314],
            [102.31967573935367, -0.904776274174367],
            [102.33823553519909, -0.906203950777865],
            [102.351798462932379, -0.906203950777865],
            [102.398911790847762, -0.896924052855127],
            [102.413902395184493, -0.890499508139385],
            [102.431034514426472, -0.877650418707901],
            [102.442455927254457, -0.862659814371113],
            [102.471723297626284, -0.819829516266168],
            [102.478147842341912, -0.801269720420748],
            [102.485286225359403, -0.779854571368276],
            [102.491710770075144, -0.753442554203502],
            [102.49527996158389, -0.705615387986313],
            [102.500276829696247, -0.65064983875169],
            [102.508842889317179, -0.627093174793913],
            [102.518122787239975, -0.593542774611763],
            [102.530258038369652, -0.574982978766229],
            [102.558097732137924, -0.546429446696266],
            [102.57380217477629, -0.547143284998072],
            [102.615204796277851, -0.545715608394573],
            [102.633764592123271, -0.546429446696266],
            [102.651610549666998, -0.546429446696266],
            [102.670884183814167, -0.545715608394573],
            [102.698723877582381, -0.546429446696266],
            [102.698723877582381, -0.560706212731247],
            [102.700151554185993, -0.584262876688967],
            [102.69943771588413, -0.606391864043246],
            [102.700865392487742, -0.629948528000966],
            [102.700865392487742, -0.686341753839145],
            [102.700865392487742, -0.717036800814356],
            [102.700151554185993, -0.734882758358083],
            [102.69943771588413, -0.760580937220993],
            [102.69943771588413, -0.819829516266168],
            [102.69943771588413, -0.840530827016948],
            [102.69943771588413, -0.868370520785163],
            [102.700151554185993, -0.88907183153583],
            [102.700151554185993, -0.949034248882811],
            [102.69943771588413, -0.972590912840531],
            [102.700151554185993, -0.994719900194696],
            [102.698723877582381, -1.016848887548974],
            [102.69943771588413, -1.079666658102894],
            [102.701579230789434, -1.09894029225012],
            [102.698723877582381, -1.123210794509532],
            [102.69943771588413, -1.16389957770923],
            [102.697296200978997, -1.204588360908986],
            [102.708717613806925, -1.224575833357903],
            [102.730132762859398, -1.25884007184186],
            [102.73084660116109, -1.287393603911823],
            [102.715855996824416, -1.305239561455551],
            [102.700151554185993, -1.324513195602776],
            [102.715855996824416, -1.345214506353557],
            [102.737271145876889, -1.35806359578504],
            [102.745123367196072, -1.37376803842352],
            [102.745837205497821, -1.402321570493484],
            [102.73869882248033, -1.418026013131964],
            [102.717283673427858, -1.414456821623219],
            [102.692299332866639, -1.413742983321413],
            [102.689443979659757, -1.434444294072193],
            [102.683019434944015, -1.467994694254401],
            [102.680164081736962, -1.503686609341855],
            [102.675881051926524, -1.517963375376837],
            [102.679450243435269, -1.528670949903074],
            [102.673739537021163, -1.554369128766041],
            [102.65232438796869, -1.558652158576479],
            [102.653038226270439, -1.576498116120206],
            [102.63947529853732, -1.608620839698915],
            [102.638761460235457, -1.648595784596921],
            [102.63947529853732, -1.677149316666885],
            [102.632336915519829, -1.69642295081411],
            [102.631623077217967, -1.727831836091013],
            [102.627340047407472, -1.742108602125995],
            [102.630909238916217, -1.784938900230941],
            [102.623175990647269, -1.816466758558192],
            [102.614134038825171, -1.831695308995506],
            [102.610326901215899, -1.846923859432877],
            [102.597477811784358, -1.859772948864361],
            [102.579869800341157, -1.875001499301675],
            [102.570827848519002, -1.888326480934325],
            [102.548460915064311, -1.884043451123773],
            [102.545605561857315, -1.897368432756423],
            [102.552743944874805, -1.922590719418281],
            [102.55417162147819, -1.956854957902181],
            [102.577966231536493, -1.932584455642768],
            [102.61175457781934, -1.956379065701071],
            [102.61746528423339, -1.971131723937162],
            [102.622700098446103, -2.002064717012956],
            [102.614609931026393, -2.05024880238102],
            [102.619368853038054, -2.07225881668495],
            [102.614609931026393, -2.093673965737423],
            [102.628291831809918, -2.119848036801557],
            [102.618773987786597, -2.129960746076335],
            [102.622343179295342, -2.14602210786569],
            [102.611635604769106, -2.14602210786569],
            [102.587840994710803, -2.145427242614232],
            [102.570589902418533, -2.154350221386096],
            [102.560477193143754, -2.143047781608402],
            [102.542036370348569, -2.143047781608402],
            [102.528949334816502, -2.130555611327793],
            [102.50991364676986, -2.133529937585081],
            [102.497421476489251, -2.12401209356176],
            [102.480170384196981, -2.125796689316132],
            [102.471247405425117, -2.121037767304472],
            [102.465298752910542, -2.110330192778235],
            [102.474221731682405, -2.102002079257829],
            [102.470057674922202, -2.091294504731593],
            [102.459350100395966, -2.069284490427663],
            [102.450427121624102, -2.05024880238102],
            [102.441504142852239, -2.060361511655799],
            [102.434960625086205, -2.056197454895596],
            [102.415924937039563, -2.057982050649969],
            [102.399268709998751, -2.051438532883935],
            [102.385586809215226, -2.056197454895596],
            [102.383207348209396, -2.031213114334378],
            [102.387966270221057, -2.007418504276075],
            [102.387371404969599, -1.984218759469229],
            [102.371310043180245, -1.979459837457568],
            [102.35524868139089, -1.962208745165299],
            [102.335023262841332, -1.959234418908011],
            [102.324315688315096, -1.93008602158659],
            [102.313013248537402, -1.908076007282659],
            [102.29873648250242, -1.900342759013711],
            [102.286244312221811, -1.907481142031202],
            [102.273157276689744, -1.906886276779744],
            [102.264829163169338, -1.902127354768083],
            [102.251147262385814, -1.916998986054523],
            [102.234491035345002, -1.931870617340962],
            [102.220809134561478, -1.933655213095335],
            [102.199988850760235, -1.931275752089505],
            [102.19820425500609, -1.899747893762253],
            [102.185712084725253, -1.896178702253508],
            [102.176194240701932, -1.87357382269812],
            [102.16191747466695, -1.871194361692289],
            [102.150020169637799, -1.878927609961238],
            [102.133958807848671, -1.89320437599622],
            [102.119087176562005, -1.891419780241847],
            [102.100646353767047, -1.880117340464153],
            [102.08280039622332, -1.869409765937917],
            [102.072092821697083, -1.859891921914596],
            [102.063169842924992, -1.87357382269812],
            [102.04889307689001, -1.870599496440832],
            [102.040564963369604, -1.862866248171883],
            [102.029262523592138, -1.848589482136902],
            [102.016770353311301, -1.849184347388359],
            [102.00427818303092, -1.85394326940002],
            [101.991191147498853, -1.847399751633986],
            [101.974534920458041, -1.87357382269812],
            [101.954904367159713, -1.885471127727271],
            [101.942412196879332, -1.901532489516626],
            [101.92873029609558, -1.89320437599622],
            [101.910487761717775, -1.889128046838835]
          ]
        ]
      }
    },
    {
      "type": "Feature",
      "properties": { "Id": 0, "Keterangan": "Indragiri Hilir" },
      "geometry": {
        "type": "Polygon",
        "coordinates": [
          [
            [102.622343179295342, -2.14602210786569],
            [102.618773987786597, -2.129960746076335],
            [102.628291831809918, -2.119848036801557],
            [102.614609931026393, -2.093673965737423],
            [102.619368853038054, -2.07225881668495],
            [102.614609931026393, -2.05024880238102],
            [102.622700098446103, -2.002064717012956],
            [102.61746528423339, -1.971131723937162],
            [102.61175457781934, -1.956379065701071],
            [102.577966231536493, -1.932584455642768],
            [102.55417162147819, -1.956854957902181],
            [102.552743944874805, -1.922590719418281],
            [102.545605561857315, -1.897368432756423],
            [102.548460915064311, -1.884043451123773],
            [102.570827848519002, -1.888326480934325],
            [102.579869800341157, -1.875001499301675],
            [102.597477811784358, -1.859772948864361],
            [102.610326901215899, -1.846923859432877],
            [102.614134038825171, -1.831695308995506],
            [102.623175990647269, -1.816466758558192],
            [102.630909238916217, -1.784938900230941],
            [102.627340047407472, -1.742108602125995],
            [102.631623077217967, -1.727831836091013],
            [102.632336915519829, -1.69642295081411],
            [102.63947529853732, -1.677149316666885],
            [102.638761460235457, -1.648595784596921],
            [102.63947529853732, -1.608620839698915],
            [102.653038226270439, -1.576498116120206],
            [102.65232438796869, -1.558652158576479],
            [102.673739537021163, -1.554369128766041],
            [102.679450243435269, -1.528670949903074],
            [102.675881051926524, -1.517963375376837],
            [102.680164081736962, -1.503686609341855],
            [102.683019434944015, -1.467994694254401],
            [102.692299332866639, -1.413742983321413],
            [102.717283673427858, -1.414456821623219],
            [102.73869882248033, -1.418026013131964],
            [102.745837205497821, -1.402321570493484],
            [102.745123367196072, -1.37376803842352],
            [102.737271145876889, -1.35806359578504],
            [102.715855996824416, -1.345214506353557],
            [102.700151554185993, -1.324513195602776],
            [102.715855996824416, -1.305239561455551],
            [102.73084660116109, -1.287393603911823],
            [102.730132762859398, -1.25884007184186],
            [102.708717613806925, -1.224575833357903],
            [102.697296200978997, -1.204588360908986],
            [102.69943771588413, -1.16389957770923],
            [102.698723877582381, -1.123210794509532],
            [102.701579230789434, -1.09894029225012],
            [102.69943771588413, -1.079666658102894],
            [102.698723877582381, -1.016848887548974],
            [102.700151554185993, -0.994719900194696],
            [102.700151554185993, -0.949034248882811],
            [102.700151554185993, -0.88907183153583],
            [102.69943771588413, -0.868370520785163],
            [102.69943771588413, -0.840530827016948],
            [102.69943771588413, -0.819829516266168],
            [102.69943771588413, -0.760580937220993],
            [102.700151554185993, -0.734882758358083],
            [102.700865392487742, -0.717036800814356],
            [102.700865392487742, -0.686341753839145],
            [102.700865392487742, -0.632692521231093],
            [102.69943771588413, -0.606391864043246],
            [102.700151554185993, -0.584262876688967],
            [102.698723877582381, -0.560706212731247],
            [102.698723877582381, -0.546429446696266],
            [102.710661381081877, -0.547031925021201],
            [102.730648853530909, -0.546675005870327],
            [102.749208649376385, -0.544533490965136],
            [102.767054606920112, -0.539893542003711],
            [102.781688292105855, -0.535253593042398],
            [102.800248087951445, -0.525616775968729],
            [102.819878641249545, -0.512767686537245],
            [102.8359400030389, -0.50063243540751],
            [102.853429041431696, -0.487069507674335],
            [102.866278130863236, -0.473506579941045],
            [102.883767169256032, -0.457088299000873],
            [102.898043935291014, -0.43174703928878],
            [102.909108428968182, -0.416756434951992],
            [102.919459084343487, -0.395698205050451],
            [102.930880497171415, -0.376067651752351],
            [102.958006352637994, -0.33204762314449],
            [102.975554877555965, -0.322827211746926],
            [102.991913671971076, -0.31211963722069],
            [103.005000707503143, -0.29962746694008],
            [103.044856679350801, -0.273750828501647],
            [103.061512906391613, -0.265720147606999],
            [103.077574268180967, -0.254120275203547],
            [103.091851034215949, -0.241033239671481],
            [103.132301871315065, -0.222889849502053],
            [103.150147828858792, -0.21634633173602],
            [103.165019460145231, -0.203259296203953],
            [103.173347573665637, -0.187197934414598],
            [103.207254892998719, -0.141393310052365],
            [103.217962467524956, -0.12295248725718],
            [103.232536666185638, -0.108675721222198],
            [103.245623701717705, -0.095886118315832],
            [103.281910482056617, -0.060194203228377],
            [103.297971843845971, -0.049189196076441],
            [103.313140907758168, -0.038779054175905],
            [103.326822808541692, -0.028071479649668],
            [103.343776468208205, -0.02271769238655],
            [103.352699446980068, -0.012010117860314],
            [103.358648099494644, 0.008215300689301],
            [103.365489049886435, 0.027548421361701],
            [103.378814031518971, 0.047726250691028],
            [103.399372574609288, 0.042586614918434],
            [103.41840826265593, 0.038398763548173],
            [103.432113958049683, 0.029451990166308],
            [103.445629296562743, 0.013081298446252],
            [103.462190345163322, -0.002718322632518],
            [103.503117074463603, -0.048594330824983],
            [103.515680628574444, -0.060586814294368],
            [103.53109953589211, -0.070675728959031],
            [103.538333097349891, -0.075434650970692],
            [103.546328086329538, -0.078480361058212],
            [103.553371290906796, -0.085523565635469],
            [103.561175923005749, -0.096183550941589],
            [103.569170911985395, -0.106082108725843],
            [103.588587313793028, -0.126831008696627],
            [103.59981836974049, -0.1403463472098],
            [103.607051931198214, -0.151387046276852],
            [103.611239782568418, -0.16337952974618],
            [103.61542763393885, -0.175562370096031],
            [103.618473344026199, -0.186412712282618],
            [103.62239356612065, -0.194080345111672],
            [103.633398573272643, -0.203895621760807],
            [103.647080474056168, -0.209844274275383],
            [103.662546970594065, -0.214603196287044],
            [103.677418601880504, -0.222336444555992],
            [103.689315906909655, -0.229177394947669],
            [103.699726048810135, -0.237208075842432],
            [103.713407949593659, -0.251484841877414],
            [103.727982148254398, -0.263382146906565],
            [103.738987155406335, -0.284797295959038],
            [103.742853779540837, -0.292233111602172],
            [103.748802432055413, -0.308889338642985],
            [103.755048517195689, -0.324058402555238],
            [103.761294602336022, -0.340714629595936],
            [103.767540687476298, -0.357965721888206],
            [103.774381637868089, -0.375216814180476],
            [103.77914055987975, -0.395144800104333],
            [103.78181745351128, -0.416262516531049],
            [103.783304616639953, -0.437082800332064],
            [103.784494347142868, -0.460579977764667],
            [103.787468673400156, -0.483184857320055],
            [103.79008451823421, -0.49932660102769],
            [103.791417016397418, -0.51760086155241],
            [103.792939871441092, -0.532067984467858],
            [103.794653083365404, -0.546915821144296],
            [103.795033797126166, -0.558527590852691],
            [103.799031291616132, -0.573375427529129],
            [103.800363789779283, -0.584225769715658],
            [103.805122711790943, -0.593933970619446],
            [103.808168421878463, -0.603261457762301],
            [103.812736987009657, -0.612969658666088],
            [103.817686265901784, -0.624962142135473],
            [103.82092233286977, -0.636002841202583],
            [103.822825901674435, -0.644568900823572],
            [103.827013753044639, -0.652754246683628],
            [103.829107678729713, -0.659987808141352],
            [103.830630533773387, -0.666459942077154],
            [103.830440176893092, -0.674074217295868],
            [103.829107678729713, -0.68244992003639],
            [103.817305552140851, -0.683592061319189],
            [103.80302878610587, -0.683972775080122],
            [103.790655588875495, -0.681117421873125],
            [103.778853462286577, -0.682640276916857],
            [103.767241692578125, -0.684353488840998],
            [103.757914205435327, -0.689112410852658],
            [103.747634933890083, -0.692348477820644],
            [103.736023164181631, -0.698249541115104],
            [103.723078896310028, -0.699772396158778],
            [103.705946777067993, -0.699962753039244],
            [103.696428933044672, -0.697488113593181],
            [103.68519787709721, -0.693871332864319],
            [103.680629311966015, -0.696917042951839],
            [103.68519787709721, -0.705863816333704],
            [103.690147155989337, -0.711764879628163],
            [103.695667505522749, -0.718046656683612],
            [103.698332501849336, -0.72147308053195],
            [103.695857862403216, -0.726422359424134],
            [103.691670011033011, -0.731371638316261],
            [103.682342523890156, -0.738605199773986],
            [103.677583601878496, -0.741079839220049],
            [103.671111467942694, -0.737843772252063],
            [103.665971832170101, -0.732704136479526],
            [103.664448977126256, -0.736130560327922],
            [103.65550220374439, -0.736511274088798],
            [103.648078285406143, -0.734607705284134],
            [103.640844723948419, -0.729848783272473],
            [103.634182233132151, -0.722424864934283],
            [103.625235459750229, -0.71404916219376],
            [103.617621184531572, -0.704531318170439],
            [103.612862262519911, -0.697678470473647],
            [103.604105846018513, -0.695394187908107],
            [103.59820478272394, -0.696726686071372],
            [103.596110857038866, -0.707196314496969],
            [103.595920500158343, -0.713668448432884],
            [103.603154061616124, -0.709861310823555],
            [103.605438344181664, -0.711384165867287],
            [103.610387623073848, -0.717665942922622],
            [103.613052619400378, -0.725470575021802],
            [103.609626195551925, -0.733655920881858],
            [103.604296202898979, -0.741841266741915],
            [103.598141330430565, -0.748681423979917],
            [103.588147594206077, -0.756295699198631],
            [103.569587798360601, -0.763909974417231],
            [103.556262816727838, -0.77009657303239],
            [103.562925307544162, -0.77247603403822],
            [103.570063690561653, -0.771048357434722],
            [103.587195809803632, -0.768668896428892],
            [103.594334192821123, -0.767241219825451],
            [103.608610958856104, -0.787228692274425],
            [103.607659174453886, -0.796746536297746],
            [103.600520791436395, -0.805312595918735],
            [103.587195809803632, -0.814830439942057],
            [103.578629750182756, -0.82292060736188],
            [103.56482887634894, -0.827203637172317],
            [103.555786924526672, -0.831486666982869],
            [103.544841403899909, -0.83291434358631],
            [103.530088745663704, -0.83053488258048],
            [103.513908410824115, -0.83053488258048],
            [103.504390566800794, -0.826251852770042],
            [103.493445046174031, -0.820065254154827],
            [103.487258447558759, -0.816734008746721],
            [103.480120064541268, -0.824824176166487],
            [103.482975417748321, -0.826727744971208],
            [103.491541477369424, -0.83291434358631],
            [103.498679860386915, -0.83862505000036],
            [103.512644171946249, -0.847882835760231],
            [103.51740309395791, -0.86430111670046],
            [103.510026764839722, -0.880243505439466],
            [103.497891513710101, -0.892378756569201],
            [103.485518316479727, -0.90094481619019],
            [103.480045556166374, -0.904514007698936],
            [103.472193334847134, -0.912604175118759],
            [103.457678622711455, -0.925215318449716],
            [103.448398724788831, -0.936636731277645],
            [103.439832665167728, -0.947344305803881],
            [103.427221521836884, -0.963048748442418],
            [103.410327348695546, -0.976849622276177],
            [103.392957283353041, -0.98256032869017],
            [103.373207757004479, -0.988033089003636],
            [103.343702440532297, -0.996123256423402],
            [103.324666752485655, -0.998026825228067],
            [103.306820794941927, -0.994933525920487],
            [103.293495813309164, -0.991840226612965],
            [103.283502077084847, -0.989936657808244],
            [103.274460125262522, -0.998978609630456],
            [103.263038712434593, -1.016824567174183],
            [103.248999892500308, -1.030149548806776],
            [103.232343665459496, -1.037287931824267],
            [103.229250366151746, -1.042760692137733],
            [103.239957940677982, -1.043712476540009],
            [103.246858377595004, -1.040143285031263],
            [103.258279790422932, -1.033242848114412],
            [103.273270394759606, -1.017538405475875],
            [103.28421591538654, -0.997550933026957],
            [103.292306082806249, -0.998026825228067],
            [103.309914094249507, -1.003737531642116],
            [103.317052477266998, -1.006354938748473],
            [103.3282359439944, -1.007306723150862],
            [103.342988602230605, -1.007544669251388],
            [103.354410015058534, -1.006354938748473],
            [103.362262236377774, -1.003975477742642],
            [103.373445703105176, -0.999930394032788],
            [103.389626037944822, -0.997820605274228],
            [103.408661725991465, -0.994013467664956],
            [103.421510815423005, -0.991634006659126],
            [103.436263473658983, -0.978784917227586],
            [103.453871485102241, -0.958321552577502],
            [103.478617879562933, -0.94927960075529],
            [103.493677884845397, -0.936361110377788],
            [103.50274957993031, -0.928925294734654],
            [103.521785267976952, -0.915392110263895],
            [103.537251764514849, -0.908699876185096],
            [103.546620892225121, -0.904833252050537],
            [103.558369480941451, -0.903940954173436],
            [103.570712934909352, -0.902751223670521],
            [103.577851317926843, -0.904387103112015],
            [103.584097403066949, -0.915540826576773],
            [103.581420509435588, -0.92758684791886],
            [103.573835977479348, -0.932197053617585],
            [103.560451509321695, -0.93621239406491],
            [103.550190083733867, -0.942309762892364],
            [103.539333792894809, -0.945284089149652],
            [103.536871110841105, -0.949846149819962],
            [103.529018889521922, -0.964836754156636],
            [103.52283229090682, -0.977923789688703],
            [103.515931853989855, -0.99600769333307],
            [103.508079632670672, -1.009332674965719],
            [103.499513573049569, -1.022895602698895],
            [103.49380286663569, -1.037172368733877],
            [103.484047076511672, -1.054542434076495],
            [103.478098423997096, -1.06905714621206],
            [103.476670747393655, -1.080716505140629],
            [103.476194855192432, -1.089282564761618],
            [103.474291286387825, -1.100466031488963],
            [103.475560332257658, -1.105343926550972],
            [103.47258600600037, -1.126164210351988],
            [103.478534658514945, -1.113672040071378],
            [103.479724389017861, -1.089282564761618],
            [103.490431963544097, -1.068462280960603],
            [103.501734403321791, -1.045262536153757],
            [103.515416304105315, -1.019088465089624],
            [103.528503339637382, -0.997078450785693],
            [103.537426318409246, -0.983991415253627],
            [103.558841467461718, -0.959007074692408],
            [103.575497694502531, -0.961981400949696],
            [103.598697439309376, -0.970309514470102],
            [103.628440701882255, -0.97090437972156],
            [103.658183964455134, -0.978042762739051],
            [103.659968560209506, -0.993509259276948],
            [103.667106943226997, -0.999457911791524],
            [103.679599113507606, -1.007191160060472],
            [103.694470744794046, -1.014924408329421],
            [103.711721837086316, -1.016114138832336],
            [103.724808872618382, -1.011355216820675],
            [103.740870234407737, -1.029201174364403],
            [103.754552135191261, -1.04942659291396],
            [103.771803227483531, -1.063108493697484],
            [103.78191593675831, -1.0839287774985],
            [103.795002972290376, -1.102964465545142],
            [103.803331085810782, -1.122595018843242],
            [103.798572163799122, -1.132707728118021],
            [103.767639170723328, -1.133302593369478],
            [103.74741375217377, -1.133897458620936],
            [103.724808872618382, -1.139846111135512],
            [103.701609127811537, -1.14757935940446],
            [103.681978574513437, -1.156502338176324],
            [103.662348021215337, -1.176727756725882],
            [103.651045581437643, -1.182676409240457],
            [103.632009893391, -1.193383983766694],
            [103.613569070595815, -1.196953175275439],
            [103.599887169812291, -1.189814792257948],
            [103.590964191040428, -1.182081543989],
            [103.5731182334967, -1.181486678737542],
            [103.554677410701515, -1.189219927006491],
            [103.547539027684024, -1.176132891474424],
            [103.53623658790633, -1.156502338176324],
            [103.52909820488884, -1.148174224655918],
            [103.516011169356773, -1.158881799182154],
            [103.502329268573249, -1.1624509906909],
            [103.486267906783894, -1.16720991270256],
            [103.473180871251827, -1.164235586445272],
            [103.468421949240167, -1.152338281416121],
            [103.464852757731421, -1.135087189123851],
            [103.452360587450812, -1.14519989839863],
            [103.43332489940417, -1.152338281416121],
            [103.401797041076918, -1.151148550913206],
            [103.373838374258412, -1.148769089907375],
            [103.361346203977803, -1.1428204373928],
            [103.347069437942821, -1.132707728118021],
            [103.338741324422415, -1.118430962083039],
            [103.326249154141806, -1.1035593307966],
            [103.313756983861197, -1.099990139287854],
            [103.30066994832913, -1.090472295264533],
            [103.289367508551436, -1.078574990235381],
            [103.277470203522284, -1.061918763194569],
            [103.264978033241675, -1.058349571685824],
            [103.257244784972727, -1.060134167440197],
            [103.238803962177542, -1.067272550457687],
            [103.217388813125069, -1.072626337720806],
            [103.194783933569681, -1.087497969007245],
            [103.151953635464736, -1.116051501077209],
            [103.12875389065789, -1.138061515381139],
            [103.118046316131654, -1.160666394936527],
            [103.10674387635396, -1.183271274491915],
            [103.094251706073351, -1.197548040526897],
            [103.083544131547114, -1.207660749801676],
            [103.071646826517963, -1.219558054830827],
            [103.056180329980066, -1.235024551368724],
            [103.041308698693626, -1.24335266488913],
            [103.023462741149899, -1.255249969918282],
            [103.027626797910102, -1.260008891929942],
            [103.05261113847132, -1.245732125894961],
            [103.066887904506302, -1.236809147123097],
            [103.081759535792742, -1.2213426505852],
            [103.100200358587927, -1.208850480304591],
            [103.121615507640399, -1.170779104211306],
            [103.129943621160805, -1.151743416164663],
            [103.147194713453075, -1.133897458620936],
            [103.19800221466727, -1.095026920119153],
            [103.225128070133792, -1.083129615090002],
            [103.268910152640956, -1.078370693078341],
            [103.281759242072553, -1.090267998107493],
            [103.294132439302871, -1.106448332947082],
            [103.313644019550736, -1.119773314579788],
            [103.33648684520665, -1.135001865017045],
            [103.346480581431138, -1.149278631052027],
            [103.365040377276614, -1.164031289288232],
            [103.391214448340747, -1.173549133311553],
            [103.415960842801439, -1.174976809915051],
            [103.446893835877233, -1.172121456708055],
            [103.461170601912215, -1.167838426897561],
            [103.476399152349416, -1.178783947524323],
            [103.49115181058562, -1.178308055323214],
            [103.510187498632263, -1.1706937801045],
            [103.528747294477682, -1.165934858092839],
            [103.53303032428812, -1.176404486518493],
            [103.542548168311441, -1.193536605760528],
            [103.555873149944205, -1.204482126387347],
            [103.576812406795511, -1.200674988778019],
            [103.598366357739906, -1.204422639862116],
            [103.614725152154961, -1.224053193160216],
            [103.618294343663706, -1.239519689698113],
            [103.61442771952926, -1.262422001879315],
            [103.603422712377267, -1.278780796294313],
            [103.595094598856861, -1.29573445596094],
            [103.585576754833539, -1.305549732609904],
            [103.574274315055845, -1.325477718533818],
            [103.560889846898078, -1.340051917194444],
            [103.548992541868927, -1.352544087475053],
            [103.537690102091233, -1.358195307363985],
            [103.520736442424663, -1.360277335744001],
            [103.507946839518354, -1.358492739989629],
            [103.4921829103547, -1.35075949172068],
            [103.483259931582836, -1.347785165463392],
            [103.469280598173611, -1.349272328592122],
            [103.459167888898833, -1.3593850378669],
            [103.444891122863851, -1.364143959878561],
            [103.432993817834699, -1.366820853510035],
            [103.421691378057005, -1.364738825130019],
            [103.412470966659384, -1.358492739989629],
            [103.408009477273481, -1.348082598089206],
            [103.40325055526182, -1.330831505796937],
            [103.398194200624403, -1.310606087247379],
            [103.399383931127318, -1.29811391696677],
            [103.394327576489957, -1.277591065791398],
            [103.391650682858369, -1.26361173238223],
            [103.388973789226839, -1.263909165007874],
            [103.387486626098166, -1.297519051715312],
            [103.391353250232669, -1.311795817750294],
            [103.399681363753075, -1.340349349820258],
            [103.40325055526182, -1.356708144235256],
            [103.415147860290972, -1.368308016638764],
            [103.427640030571581, -1.37663613015917],
            [103.440441530783119, -1.377226188418661],
            [103.450720802328362, -1.391502954453642],
            [103.451291872969591, -1.404447222325359],
            [103.44995937480644, -1.423102196611069],
            [103.446723307838454, -1.439282531450658],
            [103.445390809675246, -1.451275014920043],
            [103.439870460141663, -1.463648212150417],
            [103.433779039966794, -1.470501059847152],
            [103.433969396847317, -1.475831052500268],
            [103.44481973903379, -1.476782836902601],
            [103.444629382153323, -1.489917461654784],
            [103.442535456468192, -1.502100302004635],
            [103.436634393173847, -1.515805997398161],
            [103.428068333552744, -1.52208777445361],
            [103.414933708800675, -1.527798480867602],
            [103.401037656526626, -1.529321335911334],
            [103.388854816176774, -1.533699544162062],
            [103.390187314339926, -1.54017167809792],
            [103.404083366613975, -1.536935611129934],
            [103.419502273931812, -1.538268109293199],
            [103.430733329879274, -1.546072741392379],
            [103.436253679412857, -1.557113440459375],
            [103.435111538130002, -1.566631284482696],
            [103.431875471162186, -1.575768414745141],
            [103.426164764748137, -1.583763403724731],
            [103.421215485855953, -1.59232946334572],
            [103.414743351920151, -1.597659455998723],
            [103.405796578538286, -1.597278742237847],
            [103.393042667546979, -1.597088385357381],
            [103.378575544631531, -1.59784981287919],
            [103.359349499704365, -1.598420883520646],
            [103.346024518071829, -1.598991954161988],
            [103.333270607080522, -1.602037664249508],
            [103.318422770404084, -1.606986943141578],
            [103.319374554806473, -1.612126578914172],
            [103.342407737342853, -1.605083374336971],
            [103.360110927226287, -1.603941233054172],
            [103.380479113436138, -1.604512303695572],
            [103.397706411118406, -1.603037037871957],
            [103.404130955834148, -1.60850979818531],
            [103.412459069354554, -1.61588612730344],
            [103.424118428283066, -1.615410235102217],
            [103.43435011060825, -1.618503534409854],
            [103.448008216781602, -1.62126370917656],
            [103.446104647976938, -1.637919936217372],
            [103.435159127350232, -1.644106534832531],
            [103.430876097539738, -1.649341349045415],
            [103.462284982816584, -1.660286869672234],
            [103.458001953006089, -1.699310030167851],
            [103.454194815396875, -1.707400197587674],
            [103.436110911752451, -1.712159119599335],
            [103.417075223705808, -1.716918041610995],
            [103.402798457670826, -1.723104640226154],
            [103.389949368239456, -1.732622484249475],
            [103.376624386606693, -1.747851034686789],
            [103.368058326985761, -1.749278711290287],
            [103.363775297175323, -1.733574268651807],
            [103.344263716927458, -1.722152855823822],
            [103.326655705484256, -1.719773394817992],
            [103.277162916562986, -1.708351981989949],
            [103.251940629901299, -1.698358245765519],
            [103.240995109274365, -1.695978784759689],
            [103.190074643749711, -1.680750234322318],
            [103.163900572685577, -1.675991312310657],
            [103.145340776840101, -1.669328821494389],
            [103.099179233326936, -1.668852929293166],
            [103.07490873106741, -1.667901144890834],
            [103.042072169187009, -1.667901144890834],
            [103.017801666927483, -1.696454676960798],
            [103.007332038501943, -1.718821610415603],
            [102.999241871082063, -1.736905514059913],
            [102.972116015615541, -1.798771500211501],
            [102.953080327568898, -1.819234864861698],
            [102.949273189959627, -1.823993786873359],
            [102.90501521525124, -1.884432096421392],
            [102.886931311606816, -1.900136539059929],
            [102.878841144187106, -1.912033844089081],
            [102.832679600673941, -1.952008788986973],
            [102.816975158035518, -1.971044477033615],
            [102.806029637408585, -1.986748919672095],
            [102.796511793385264, -2.005308715517629],
            [102.786042164959724, -2.025296187966603],
            [102.795084116781879, -2.047663121421408],
            [102.772241291125795, -2.042428307208525],
            [102.762723447102474, -2.058132749847005],
            [102.74463954345822, -2.078596114497202],
            [102.746067220061661, -2.106197862164834],
            [102.74226008245239, -2.119046951596317],
            [102.721796717802306, -2.107625538768332],
            [102.716086011388256, -2.118571059395094],
            [102.688484263720682, -2.141889777252288],
            [102.679918204099579, -2.166160279511701],
            [102.66040662385177, -2.179961153345573],
            [102.644702181213347, -2.166160279511701],
            [102.641370935805128, -2.150455836873277],
            [102.622343179295342, -2.14602210786569]
          ]
        ]
      }
    },
    {
      "type": "Feature",
      "properties": { "Id": 0, "Keterangan": "Pelalawan" },
      "geometry": {
        "type": "MultiPolygon",
        "coordinates": [
          [
            [
              [102.866812064689668, -0.319877066221181],
              [102.84682459224058, -0.321780635025959],
              [102.83397550280921, -0.317021713014299],
              [102.830168365199768, -0.308931545594419],
              [102.832547826205598, -0.293702995157048],
              [102.833023718406821, -0.293227102955996],
              [102.856818328465124, -0.281329797926844],
              [102.876805800914155, -0.274667307110406],
              [102.898696842167851, -0.266101247489473],
              [102.919636099019101, -0.256107511265043],
              [102.946761954485453, -0.233740577810238],
              [102.947713738887899, -0.225174518189249],
              [102.948189631089065, -0.206138830142606],
              [102.957707475112386, -0.197096878320394],
              [102.970556564543756, -0.191386171906345],
              [102.992447605797452, -0.194717417314564],
              [103.002441342021996, -0.202807584734444],
              [102.999585988814943, -0.217084350769426],
              [102.986736899383573, -0.23421647001129],
              [102.961514612721658, -0.249445020448661],
              [102.951996768698336, -0.249920912649884],
              [102.945810170083234, -0.257535187868541],
              [102.934864649456301, -0.269908385098745],
              [102.913449500403829, -0.276094983714017],
              [102.908690578392168, -0.286564612139557],
              [102.894889704558409, -0.298461917168709],
              [102.875854016511767, -0.311311006600249],
              [102.866812064689668, -0.319877066221181]
            ]
          ],
          [
            [
              [103.087322784927323, 0.099018751794063],
              [103.080184401909833, 0.087716312016369],
              [103.077210075652545, 0.093962397156645],
              [103.070369125260584, 0.107049432688711],
              [103.069476827383596, 0.125192822858196],
              [103.06382560749455, 0.144228510904838],
              [103.054605196097157, 0.160289872694193],
              [103.040328430062175, 0.182894752249581],
              [103.04151816056509, 0.198658681413178],
              [103.047764245705196, 0.215909773705448],
              [103.06352817486902, 0.213232880073917],
              [103.068881962132139, 0.201335575044766],
              [103.075128047272244, 0.181110156495208],
              [103.081374132412748, 0.162371901074266],
              [103.090297111184611, 0.149284865542199],
              [103.096245763699187, 0.132628638501387],
              [103.095948331073259, 0.115377546209118],
              [103.087322784927323, 0.099018751794063]
            ]
          ],
          [
            [
              [103.120932671634478, 0.179325560740835],
              [103.115578884371359, 0.178730695489378],
              [103.107548203476881, 0.196279220407348],
              [103.105466175096581, 0.209366255939415],
              [103.111414827611156, 0.219776397839951],
              [103.111712260237084, 0.220668695717109],
              [103.122122402137393, 0.224535319851611],
              [103.128665919903426, 0.21293544744816],
              [103.129855650406341, 0.195981787781648],
              [103.120932671634478, 0.179325560740835]
            ]
          ],
          [
            [
              [103.194196336091409, 0.009862871576502],
              [103.187057953073918, 0.000107081452484],
              [103.178253947352346, 0.001534758056096],
              [103.178016001251819, 0.002724488559011],
              [103.171543867316018, 0.014336258267463],
              [103.167356015945586, 0.02404445917125],
              [103.161074238890308, 0.036988727042853],
              [103.157647815041969, 0.047077641707631],
              [103.154982818715439, 0.060783337101157],
              [103.151746751747453, 0.068968682961327],
              [103.151937108627919, 0.081151523311178],
              [103.152508179269375, 0.106278631532689],
              [103.152508179269375, 0.12112646820907],
              [103.159170670085643, 0.137687516809649],
              [103.159932097607566, 0.151012498442242],
              [103.161645309531707, 0.169477115847428],
              [103.162216380173163, 0.186418878208997],
              [103.160883882009784, 0.20773884882118],
              [103.161454952651241, 0.218969904768869],
              [103.164215127418061, 0.234246044426243],
              [103.170877618234329, 0.242336211846009],
              [103.179443677855261, 0.254947355177023],
              [103.193006605588494, 0.265416983602563],
              [103.206807479422309, 0.272079474418888],
              [103.223701652563818, 0.273745097122969],
              [103.2379784185988, 0.269462067312531],
              [103.252493130734251, 0.264941091401397],
              [103.263200705260488, 0.252329948070496],
              [103.275811848591388, 0.235911667130381],
              [103.283426123810045, 0.224966146503448],
              [103.29008861462637, 0.2152103563796],
              [103.297226997643861, 0.202599213048757],
              [103.302223865756218, 0.189274231415993],
              [103.306982787767879, 0.174283627079319],
              [103.311979655880009, 0.159293022742588],
              [103.313883224684673, 0.142874741802302],
              [103.314835009087062, 0.12859797576732],
              [103.316262685690504, 0.105755150111406],
              [103.313407332483621, 0.085053839360683],
              [103.311265817578317, 0.066731989615732],
              [103.30626894946613, 0.051265493077835],
              [103.294371644436978, 0.040557918551599],
              [103.27486006418917, 0.035798996539938],
              [103.251541346332033, 0.032229805031193],
              [103.234647173190524, 0.028660613522447],
              [103.218704784451461, 0.028184721321281],
              [103.20918694042814, 0.024139637611484],
              [103.194196336091409, 0.009862871576502]
            ]
          ],
          [
            [
              [102.976491790326975, 0.210543844341316],
              [102.986128607400587, 0.190199452741354],
              [102.99969153513382, 0.170568899443253],
              [103.014325220319563, 0.151295265296085],
              [103.028601986354545, 0.129880116243612],
              [103.037524965126408, 0.114889511906938],
              [103.041807994937074, 0.095258958608838],
              [103.057512437575497, 0.073129971254616],
              [103.071075365308729, 0.053856337107277],
              [103.08499521219278, 0.029228915697047],
              [103.097487382473389, 0.012096796455012],
              [103.108551876150557, -0.006819918541396],
              [103.117831774073181, -0.023952037783374],
              [103.121400965581927, -0.048936378344592],
              [103.11747485492242, -0.062856225228643],
              [103.075715314270155, -0.085699050884614],
              [103.045020267294888, -0.106400361635394],
              [103.020392845884601, -0.128172429838742],
              [103.000762292586501, -0.143519953326347],
              [102.977919466930416, -0.154227527852584],
              [102.954005883821878, -0.173144242848878],
              [102.937587602881536, -0.189562523789107],
              [102.92795078580798, -0.204553128125895],
              [102.877268266383851, -0.236318932553729],
              [102.834794887429837, -0.252737213493958],
              [102.792678427626583, -0.274509281697306],
              [102.775903227535537, -0.286287613676166],
              [102.758057269991809, -0.281290745563922],
              [102.729146818770914, -0.288429128581413],
              [102.716654648490305, -0.304847409521642],
              [102.703091720757016, -0.316982660651377],
              [102.675965865290664, -0.328404073479305],
              [102.641344707655662, -0.353388414040523],
              [102.619215720301497, -0.359812958756322],
              [102.604225115964823, -0.380514269506989],
              [102.59458829889121, -0.396218712145469],
              [102.586022239270108, -0.440119767703095],
              [102.575314664743871, -0.437621333646916],
              [102.563893251915943, -0.424415325064615],
              [102.5492595667302, -0.418347699499748],
              [102.541050426260028, -0.410495478180451],
              [102.529985932582861, -0.397289469598149],
              [102.523660532075667, -0.383143573918346],
              [102.522768234198452, -0.358159233357128],
              [102.517711879561091, -0.344774765199418],
              [102.510276063917843, -0.337041516930469],
              [102.500163354643064, -0.333769758047367],
              [102.484399425479467, -0.342395304193587],
              [102.471014957321643, -0.348641389333807],
              [102.465958602684282, -0.342990169445045],
              [102.452276701900757, -0.327821105532792],
              [102.439784531620148, -0.331092864415893],
              [102.430266687596827, -0.34417989994796],
              [102.42758979396524, -0.35518490709984],
              [102.432943581228358, -0.359646396485857],
              [102.438297368491476, -0.351615715591095],
              [102.440676829497306, -0.342692736819231],
              [102.4516818366493, -0.342692736819231],
              [102.459117652292491, -0.351020850339637],
              [102.467148333187197, -0.360241261737315],
              [102.482614829725094, -0.364107885871704],
              [102.490348077994042, -0.356374637602755],
              [102.495701865257161, -0.348343956708163],
              [102.505219709280482, -0.365000183748975],
              [102.509681198666385, -0.378384651906686],
              [102.518306744812548, -0.390579389561651],
              [102.524850262578582, -0.406343318725192],
              [102.532286078221773, -0.418835489005801],
              [102.542993652748009, -0.429840496157851],
              [102.55221406414563, -0.436681446549528],
              [102.564408801800482, -0.444414694818477],
              [102.577198404706849, -0.446794155824307],
              [102.590285440238915, -0.453932538841798],
              [102.600398149513694, -0.449768482081595],
              [102.607833965156885, -0.438168609678257],
              [102.60634680202827, -0.400097233584972],
              [102.617351809180207, -0.388794793807278],
              [102.633413170969561, -0.381656410789788],
              [102.646500206501628, -0.377492354029584],
              [102.671187114437146, -0.35280544609401],
              [102.683381852091998, -0.347154226205248],
              [102.708663625278973, -0.33317489279591],
              [102.731863370085819, -0.325441644526961],
              [102.753873384389749, -0.3197904246382],
              [102.774098802939307, -0.319492992012385],
              [102.792837058360192, -0.316518665755098],
              [102.81752396629571, -0.319492992012385],
              [102.840128845851098, -0.333472325421724],
              [102.850241555125876, -0.336744084304655],
              [102.868087512669604, -0.33555435380174],
              [102.88658782199002, -0.318422234559819],
              [102.897652315667187, -0.310213094089761],
              [102.920495141323102, -0.297720923809152],
              [102.938341098866829, -0.283087238623295],
              [102.966894630936793, -0.263456685325195],
              [102.998660435364513, -0.246681485234035],
              [103.023287856774971, -0.218484872314946],
              [103.052555227146684, -0.188860582792415],
              [103.080038001763967, -0.167445433739942],
              [103.116086836002353, -0.154239425157527],
              [103.181403040612452, -0.111052207901707],
              [103.194609049194753, -0.083569433284424],
              [103.203175108815685, -0.040739135179479],
              [103.209599653531484, -0.026105449993622],
              [103.248146921825935, -0.003619543488412],
              [103.262780607011678, 0.009586465093889],
              [103.283124998611697, 0.009229545942958],
              [103.305610905116623, 0.011014141697331],
              [103.318103075397232, 0.022078635374498],
              [103.328096811621776, 0.038139997163853],
              [103.337376709544571, 0.054558278104025],
              [103.342016658505997, 0.062410499423379],
              [103.359148777747805, 0.057413631311022],
              [103.378814031518971, 0.047726250691028],
              [103.365489049886435, 0.027548421361701],
              [103.352699446980068, -0.012010117860314],
              [103.326822808541692, -0.028071479649668],
              [103.313140907758168, -0.038779054175905],
              [103.281910482056617, -0.060194203228377],
              [103.245623701717705, -0.095886118315832],
              [103.217962467524956, -0.12295248725718],
              [103.207254892998719, -0.141393310052365],
              [103.173347573665637, -0.187197934414598],
              [103.150147828858792, -0.21634633173602],
              [103.091851034215949, -0.241033239671481],
              [103.062812041422603, -0.264781883417982],
              [103.044856679350801, -0.273750828501647],
              [103.005000707503143, -0.29962746694008],
              [102.991913671971076, -0.31211963722069],
              [102.975554877555965, -0.322827211746926],
              [102.955902412844011, -0.335461911406753],
              [102.930880497171415, -0.376067651752351],
              [102.919459084343487, -0.395698205050451],
              [102.909108428968182, -0.416756434951992],
              [102.898043935291014, -0.43174703928878],
              [102.883767169256032, -0.457088299000873],
              [102.866278130863236, -0.473506579941045],
              [102.853429041431696, -0.487069507674335],
              [102.8359400030389, -0.50063243540751],
              [102.819878641249545, -0.512767686537245],
              [102.800248087951445, -0.525616775968729],
              [102.781688292105855, -0.535253593042398],
              [102.749208649376385, -0.544533490965136],
              [102.698723877582381, -0.546429446696266],
              [102.670884183814167, -0.545715608394573],
              [102.651610549666998, -0.546429446696266],
              [102.633764592123271, -0.546429446696266],
              [102.619334101859181, -0.545874427839976],
              [102.57380217477629, -0.547143284998072],
              [102.558097732137924, -0.546429446696266],
              [102.530258038369652, -0.574982978766229],
              [102.518122787239975, -0.593542774611763],
              [102.508842889317179, -0.627093174793913],
              [102.499947330247892, -0.654274332683258],
              [102.49527996158389, -0.705615387986313],
              [102.491710770075144, -0.753442554203502],
              [102.478147842341912, -0.801269720420748],
              [102.442455927254457, -0.862659814371113],
              [102.398911790847762, -0.896924052855127],
              [102.33823553519909, -0.906203950777865],
              [102.257571807101556, -0.89406869964813],
              [102.199037066358017, -0.913342333795356],
              [102.197609389754632, -0.947606572279312],
              [102.178335755607293, -1.013279696040229],
              [102.17548040240041, -1.032553330187454],
              [102.161203636365428, -1.026842623773405],
              [102.150496061839192, -1.04397474301544],
              [102.11765949995862, -1.040405551506694],
              [102.11765949995862, -1.097512615646622],
              [102.139074649011093, -1.121069279604285],
              [102.135505457502347, -1.139629075449818],
              [102.111234955242992, -1.131776854130521],
              [102.077684555060671, -1.133918369035769],
              [102.055555567706506, -1.143912105260313],
              [102.005586886584069, -1.141770590355065],
              [101.990596282247395, -1.205302199210678],
              [101.961328911875682, -1.216009773736914],
              [101.915643260563741, -1.203874522607236],
              [101.89097618146991, -1.188138834521169],
              [101.8588534578912, -1.198846409047405],
              [101.836248578335812, -1.170292876977442],
              [101.808884776768764, -1.168508281223069],
              [101.777356918441512, -1.154231515188087],
              [101.757726365143412, -1.13876501865019],
              [101.763675017657988, -1.089986068030669],
              [101.729172833073449, -1.085227146019008],
              [101.730362563576364, -1.076304167247145],
              [101.735716350839482, -1.069760649481111],
              [101.735478404738956, -1.06286021256426],
              [101.729410779174145, -1.056078748697587],
              [101.724056991911027, -1.043943497567852],
              [101.713706336535552, -1.023956025118878],
              [101.695860378991824, -1.012534612290949],
              [101.685509723616519, -0.999328603708534],
              [101.674088310788591, -1.007180825027831],
              [101.655528514942944, -0.994688654747222],
              [101.62197811476085, -0.981839565315738],
              [101.6080582678768, -0.961495173715832],
              [101.599268771022025, -0.937798063276887],
              [101.596993774199632, -0.924375582024879],
              [101.586643118824327, -0.910455735140829],
              [101.57593554429809, -0.903317352123338],
              [101.565941808073546, -0.880831445618242],
              [101.557732667603432, -0.865127002979705],
              [101.543098982417462, -0.832290441099303],
              [101.526323782326415, -0.805878423934473],
              [101.521326914214228, -0.789460142994187],
              [101.517729489492751, -0.788358091000077],
              [101.516808416908475, -0.761077499487499],
              [101.523946799925966, -0.740852080937941],
              [101.522757069423051, -0.715867740376723],
              [101.529895452440542, -0.681365555792183],
              [101.538223565960948, -0.671847711768862],
              [101.532685461968526, -0.647480054201765],
              [101.525136530428881, -0.624258491652256],
              [101.535844104955117, -0.602843342599783],
              [101.560828445516336, -0.607602264611444],
              [101.571536020042572, -0.612361186623104],
              [101.565587367527996, -0.590946037570632],
              [101.575105211551318, -0.564771966506498],
              [101.579864133562978, -0.53740816493945],
              [101.578674403060063, -0.513613554881147],
              [101.581053864065893, -0.454127029735389],
              [101.59414089959796, -0.450557838226644],
              [101.601279282615451, -0.427952958671256],
              [101.592951169095045, -0.395830235092546],
              [101.579864133562978, -0.393450774086716],
              [101.570346289539657, -0.381553469057565],
              [101.566777098030911, -0.360138320005092],
              [101.577484672557148, -0.299462064356419],
              [101.67504257379619, -0.303031255865164],
              [101.714303680392391, -0.249493383233983],
              [101.744046942965269, -0.217370659655273],
              [101.754754517491506, -0.194765780099885],
              [101.778581890204293, -0.160592586043151],
              [101.790003303032222, -0.141318951895926],
              [101.799997039256766, -0.120617641145145],
              [101.811418452084695, -0.104913198506665],
              [101.839258145852966, -0.058513708892974],
              [101.860673294905439, -0.023535632107325],
              [101.873522384336979, -0.009972704374036],
              [101.905645107915689, 0.031429917127355],
              [101.919208035648978, 0.049275874671082],
              [101.932057125080348, 0.067835670516558],
              [101.945620052813638, 0.079970921646407],
              [101.989164189220276, 0.082826274853232],
              [102.00415479355695, 0.087109304663898],
              [102.022000751100677, 0.087109304663898],
              [102.041274385248016, 0.088536981267282],
              [102.086960036559844, 0.097816879190134],
              [102.104092155801823, 0.099958394095268],
              [102.120510436742165, 0.104955262207625],
              [102.137642555984144, 0.107096777112758],
              [102.179045177485477, 0.119232028242607],
              [102.197604973330954, 0.122801219751352],
              [102.211881739365936, 0.124228896354737],
              [102.231155373513275, 0.132794955975669],
              [102.281837892937403, 0.137077985786334],
              [102.294686982368944, 0.13993333899316],
              [102.322526676137045, 0.142074853898464],
              [102.370353842354348, 0.145644045407209],
              [102.390341314803209, 0.146357883708959],
              [102.406045757441802, 0.149213236915955],
              [102.425319391588914, 0.148499398614263],
              [102.467435851392167, 0.149927075217704],
              [102.486709485539336, 0.149927075217704],
              [102.50241392817793, 0.149927075217704],
              [102.520259885721657, 0.151354751821316],
              [102.564517860429987, 0.152068590123008],
              [102.58593300948246, 0.152068590123008],
              [102.601637452121054, 0.154210105028142],
              [102.615914218156036, 0.16063464974394],
              [102.660886031166115, 0.178480607287668],
              [102.673735120597712, 0.184191313701717],
              [102.693722593046573, 0.188474343512155],
              [102.710854712288551, 0.194898888227954],
              [102.755112686997109, 0.20560646275419],
              [102.770817129635532, 0.204178786150578],
              [102.7900907637827, 0.209175654262935],
              [102.805795206421294, 0.209889492564628],
              [102.852908534336677, 0.214172522375122],
              [102.863616108862914, 0.228449288410104],
              [102.866471462069967, 0.252005952367881],
              [102.872896006785709, 0.276990292929099],
              [102.896452670743315, 0.281273322739537],
              [102.912870951683658, 0.304116148395451],
              [102.942852160357006, 0.260572011988813],
              [102.951864368916517, 0.244808082825159],
              [102.963999620046366, 0.227675963583181],
              [102.976491790326975, 0.210543844341316]
            ]
          ]
        ]
      }
    },
    {
      "type": "Feature",
      "properties": { "Id": 0, "Keterangan": "Siak" },
      "geometry": {
        "type": "Polygon",
        "coordinates": [
          [
            [102.912870951683658, 0.304116148395451],
            [102.896452670743315, 0.281273322739537],
            [102.872896006785709, 0.276990292929099],
            [102.866471462069967, 0.252005952367881],
            [102.863616108862914, 0.228449288410104],
            [102.852908534336677, 0.214172522375122],
            [102.846609258388014, 0.213599860925285],
            [102.830304099364298, 0.212117573741295],
            [102.808300716345229, 0.210117266194118],
            [102.793041862488337, 0.209309795113199],
            [102.770817129635532, 0.204178786150578],
            [102.755112686997109, 0.20560646275419],
            [102.744574037886593, 0.203056789582376],
            [102.731742234487911, 0.199952321018031],
            [102.710854712288551, 0.194898888227954],
            [102.693722593046573, 0.188474343512155],
            [102.673735120597712, 0.184191313701717],
            [102.660886031166115, 0.178480607287668],
            [102.654089512642145, 0.174096528416328],
            [102.642059303245844, 0.171009683509737],
            [102.628451087149301, 0.165609597757111],
            [102.621866132991499, 0.162996520710465],
            [102.603927914039332, 0.155240812891407],
            [102.584135643353306, 0.152068590123008],
            [102.56694870132975, 0.152068590123008],
            [102.52369482206484, 0.151410154020368],
            [102.513801053749091, 0.150838045263583],
            [102.507171474396557, 0.150307678915226],
            [102.501225272590432, 0.149927075217704],
            [102.494205862623403, 0.149927075217704],
            [102.486709485539336, 0.149927075217704],
            [102.477192716431603, 0.149927075217704],
            [102.472195848319245, 0.149927075217704],
            [102.459676062341714, 0.149664031521183],
            [102.451595180623315, 0.149390103327278],
            [102.444821500359467, 0.149160487047141],
            [102.435421332119233, 0.148841837276393],
            [102.426959770778581, 0.14855500468849],
            [102.421659611647954, 0.14863494601957],
            [102.415939126626995, 0.1488468158351],
            [102.409994222578518, 0.149066997466434],
            [102.40493579426834, 0.149011425429876],
            [102.398036309135932, 0.147756973587548],
            [102.3912519899161, 0.146523461002175],
            [102.386633212467416, 0.146225451482678],
            [102.382707859597815, 0.146085260308837],
            [102.378663685236234, 0.145940825510138],
            [102.374861397483642, 0.145805029518954],
            [102.371648973567801, 0.145690300093349],
            [102.359727313679343, 0.14485102087923],
            [102.341808902233197, 0.143513825995171],
            [102.334884876286651, 0.142997107641008],
            [102.330700440713315, 0.142684836329636],
            [102.327009039581355, 0.142409358633131],
            [102.324060721876549, 0.142189334923842],
            [102.320434687309501, 0.141913931681074],
            [102.315696480605538, 0.141549454242238],
            [102.310965552252867, 0.141185536676687],
            [102.306474809493295, 0.14084009492592],
            [102.301198004792241, 0.140434186871914],
            [102.294686982368944, 0.13993333899316],
            [102.291401199274105, 0.139203164972173],
            [102.281837892937403, 0.137077985786334],
            [102.27853341499366, 0.136798734129115],
            [102.2741862517492, 0.13643136822111],
            [102.267925058882781, 0.135902253331096],
            [102.262198942447583, 0.13541835616752],
            [102.255827273601483, 0.134879905279035],
            [102.249558094519671, 0.134350115497398],
            [102.242611418165552, 0.133763072425268],
            [102.23620780445799, 0.133221921971028],
            [102.231155373513275, 0.132794955975669],
            [102.226627809981721, 0.130782705517163],
            [102.221293892444521, 0.128412075500762],
            [102.215915819960799, 0.126021821063546],
            [102.211881739365936, 0.124228896354737],
            [102.207335224755411, 0.123774244893752],
            [102.197604973330954, 0.122801219751352],
            [102.195160088047544, 0.122331049504623],
            [102.188650480146464, 0.121079201831265],
            [102.183849467811797, 0.120155930228464],
            [102.179045177485477, 0.119232028242607],
            [102.176235003440581, 0.118408356539817],
            [102.169720295847071, 0.116498873279625],
            [102.165189770826146, 0.115170960773412],
            [102.159318826961396, 0.113450166882046],
            [102.153071598663701, 0.111619082725781],
            [102.146623383098472, 0.109729088508459],
            [102.137642555984144, 0.107096777112758],
            [102.135384833603723, 0.106814561815213],
            [102.131264339283575, 0.106299500025216],
            [102.128259629139393, 0.105923911257264],
            [102.12353292136919, 0.105333072785982],
            [102.120510436742165, 0.104955262207625],
            [102.117024150790655, 0.10389421865716],
            [102.111987885720282, 0.102361442331414],
            [102.104704759019398, 0.100144838552808],
            [102.101992576060638, 0.099695946627776],
            [102.096088584198867, 0.098957947644976],
            [102.090544806126161, 0.098264975385973],
            [102.086960036559844, 0.097816879190134],
            [102.081731303763377, 0.096754792840954],
            [102.077313774431389, 0.095857482195242],
            [102.071209143087287, 0.094617478953467],
            [102.065611177934727, 0.09348039228189],
            [102.059162699132969, 0.092170545025283],
            [102.054457023488965, 0.09121470465999],
            [102.049202905794061, 0.090147462003301],
            [102.045156003316947, 0.089325434937507],
            [102.04172502697088, 0.088628517867278],
            [102.040522928786856, 0.088481317825824],
            [102.036928514342378, 0.088215064903864],
            [102.03318948190622, 0.087938099538405],
            [102.029668691166194, 0.087677300224357],
            [102.025540504861908, 0.087371508646129],
            [102.022000751100677, 0.087109304663898],
            [102.018646785998044, 0.087109304663898],
            [102.015791432791048, 0.087109304663898],
            [102.012507776603002, 0.087109304663898],
            [102.009937958716705, 0.087109304663898],
            [102.007582292320876, 0.087109304663898],
            [102.00415479355695, 0.087109304663898],
            [102.001947787268307, 0.086478731438604],
            [101.998619684544394, 0.085527844946057],
            [101.995536711199691, 0.084646995418836],
            [101.992416025642967, 0.083755370974018],
            [101.989164189220276, 0.082826274853232],
            [101.988234186303828, 0.082765291055523],
            [101.983495639660759, 0.082454566685556],
            [101.980195164242787, 0.082238142067922],
            [101.976325674822021, 0.081984405056801],
            [101.972704764897401, 0.081746968340269],
            [101.969091623081965, 0.081510041008301],
            [101.96641065437683, 0.081334239781597],
            [101.962351817293154, 0.081068086530308],
            [101.959090182421278, 0.080854208833784],
            [101.956428633989276, 0.080679681067693],
            [101.954888606330144, 0.080578695647489],
            [101.952294057840277, 0.080408561320212],
            [101.948409032201141, 0.080153805540704],
            [101.945620052813638, 0.079970921646407],
            [101.943023895196745, 0.077648043778538],
            [101.939214103573192, 0.074239282852432],
            [101.936205915755465, 0.071547746383885],
            [101.932057125080348, 0.067835670516558],
            [101.926995534567027, 0.060524484219457],
            [101.924579905753774, 0.057035242600421],
            [101.922239229962486, 0.053654266457329],
            [101.919208035648978, 0.049275874671082],
            [101.917421680214716, 0.046925406994433],
            [101.915744654921184, 0.044718794766027],
            [101.913750106725047, 0.04209438924488],
            [101.911792239875069, 0.039518248652826],
            [101.909826348980744, 0.036931550107681],
            [101.908242173344547, 0.034847108481074],
            [101.906616731194049, 0.032708368809324],
            [101.904552612186421, 0.030021811520498],
            [101.903148844993268, 0.028212511583092],
            [101.90100295883849, 0.025446702761315],
            [101.898690170427187, 0.022465775475666],
            [101.896285486428269, 0.01936640498792],
            [101.894062606672946, 0.016501359970164],
            [101.891024091485747, 0.012585051506505],
            [101.888455982360597, 0.009275044189735],
            [101.886412423184481, 0.006641123473912],
            [101.884346511027616, 0.003978392249394],
            [101.882411736357881, 0.001484682675084],
            [101.879852071692198, -0.001814440671865],
            [101.873522384336979, -0.009972704374036],
            [101.870773282024459, -0.012874534592811],
            [101.864923976349075, -0.01904880169468],
            [101.860673294905439, -0.023535632107325],
            [101.853910113732979, -0.034582161355729],
            [101.849932860159583, -0.041078342192236],
            [101.846625113821062, -0.04648099454522],
            [101.843988830849071, -0.050786923399471],
            [101.843189249776401, -0.052092905818029],
            [101.842358042271997, -0.053450544742077],
            [101.841487909928219, -0.054871760903495],
            [101.840228258880757, -0.056929190947699],
            [101.839258145852966, -0.058513708892974],
            [101.838386204589256, -0.0599669443327],
            [101.837630375799108, -0.061226658982889],
            [101.83678794162671, -0.062630715936677],
            [101.83623282737102, -0.063555906363092],
            [101.835006705111482, -0.06559944346219],
            [101.833478251336032, -0.06814686642133],
            [101.832315114808978, -0.070085427299659],
            [101.831349333577123, -0.071695062685876],
            [101.830446538077979, -0.073199721851324],
            [101.82950595113914, -0.074767366749313],
            [101.827679364896539, -0.077811677153875],
            [101.826318873074229, -0.08007916352409],
            [101.824622457345413, -0.082906523072268],
            [101.823375339841789, -0.084985052244974],
            [101.822191208070649, -0.086958605196855],
            [101.820801322906732, -0.089275080470145],
            [101.8194324329869, -0.091556563669826],
            [101.813587357010078, -0.101298356964378],
            [101.811418452084695, -0.104913198506665],
            [101.8093374025554, -0.107774641609581],
            [101.805941847390329, -0.112443529961581],
            [101.80345177360266, -0.115867381419662],
            [101.799997039256766, -0.120617641145145],
            [101.802451504238434, -0.120115149439755],
            [101.79740803145927, -0.125980585868774],
            [101.793338579498652, -0.134410164929761],
            [101.791028230706331, -0.139195887428059],
            [101.789149351246692, -0.142759995534277],
            [101.786620020432906, -0.147028241282442],
            [101.784031939881459, -0.151395627213105],
            [101.78080070430633, -0.156848337245947],
            [101.778581890204293, -0.160592586043151],
            [101.775581997391384, -0.164895029307957],
            [101.772790074523186, -0.168899202286525],
            [101.770439370337556, -0.172270579872873],
            [101.766737972241458, -0.17757912131151],
            [101.762889092413275, -0.183099180902332],
            [101.754754517491506, -0.194765780099885],
            [101.75129368000114, -0.188208403802207],
            [101.746757970674309, -0.179614428235652],
            [101.741748609314811, -0.170123006712345],
            [101.737914647123887, -0.162858657297988],
            [101.735882527112778, -0.159008324645185],
            [101.732233005459875, -0.152093441513671],
            [101.727103594046014, -0.142374556729408],
            [101.722131339066891, -0.132953442032147],
            [101.715515291277256, -0.12041777253603],
            [101.669308267855172, -0.010945324280954],
            [101.660765807761209, 0.007488405395691],
            [101.660765807761209, 0.027713823945248],
            [101.658386346755378, 0.044370050986061],
            [101.644109580720396, 0.065785200038533],
            [101.614366318147518, 0.055077625512297],
            [101.604848474124196, 0.050318703500636],
            [101.592570455334112, 0.124306060592801],
            [101.574486551689859, 0.189027399951385],
            [101.548788372826778, 0.196641675170099],
            [101.541632481615068, 0.21721486240375],
            [101.542125882010453, 0.239471973275045],
            [101.522138409561592, 0.258507661321687],
            [101.510716996733493, 0.309904019047565],
            [101.495488446296292, 0.304193312633458],
            [101.487658667169512, 0.290594222571258],
            [101.477404542651868, 0.272784427356669],
            [101.459320639007615, 0.252796954907637],
            [101.428863538133044, 0.244230895286705],
            [101.409827850086401, 0.244230895286705],
            [101.390696983599469, 0.268039385534109],
            [101.381179139576147, 0.288264804083667],
            [101.383558600581978, 0.310869683639055],
            [101.384748331084893, 0.337043754703188],
            [101.36095372102659, 0.375115130796473],
            [101.345487224488693, 0.391771357837285],
            [101.332400188956626, 0.404858393369352],
            [101.314554231412899, 0.413186506889758],
            [101.289569890851681, 0.406048123872267],
            [101.28481096884002, 0.421514620410164],
            [101.228893635203008, 0.451257882983043],
            [101.194391450618468, 0.483380606561752],
            [101.171695736222659, 0.500353053849153],
            [101.145231786238014, 0.514884670278946],
            [101.110967547754171, 0.543438202348909],
            [101.095738997316801, 0.555811399579284],
            [101.078606878074936, 0.569136381211877],
            [101.063378327637565, 0.577702440832979],
            [101.030065873555941, 0.611014894914604],
            [101.011981969911687, 0.625291660949586],
            [101.01527521731623, 0.628458104137906],
            [101.026916347552401, 0.639651000696688],
            [101.041281358719289, 0.653462897032853],
            [101.049578583848813, 0.661173755460538],
            [101.059193372510208, 0.669091816710932],
            [101.063824476576144, 0.67290566711813],
            [101.081908380220398, 0.68337529554384],
            [101.088658987855581, 0.687295003202962],
            [101.094477390341069, 0.690673430452705],
            [101.100534840767523, 0.694588453410631],
            [101.109306901064826, 0.700582694613786],
            [101.117709366675797, 0.703983881838042],
            [101.125214570526509, 0.711452935412638],
            [101.137111875555661, 0.702410983590482],
            [101.146786611506172, 0.687898879664829],
            [101.156702030569761, 0.675431403664106],
            [101.163761838821017, 0.667194960704251],
            [101.180418065861829, 0.663863715296031],
            [101.210399274535234, 0.667385317584717],
            [101.223347360975765, 0.674384283228392],
            [101.230820722603596, 0.678423938162325],
            [101.236811291699894, 0.681662083619699],
            [101.239484097022171, 0.684492112784483],
            [101.243287039292056, 0.686026375162442],
            [101.248151350733565, 0.693669204949458],
            [101.254535767721848, 0.700429175878412],
            [101.259364845404832, 0.705542316954336],
            [101.264799435781299, 0.711515273930786],
            [101.26862416822371, 0.715789974895756],
            [101.273809243647861, 0.72158505919333],
            [101.279376792316327, 0.727807613587572],
            [101.285352296218889, 0.734486117949189],
            [101.29183261237597, 0.734486117949189],
            [101.306767445271362, 0.734486117949189],
            [101.309369535377755, 0.733032008772284],
            [101.321091256826321, 0.726481635021344],
            [101.33103794753066, 0.720923190215899],
            [101.338890168850071, 0.708787939086051],
            [101.35816380299724, 0.711643292293104],
            [101.372440569032221, 0.707360262482666],
            [101.387431173368896, 0.698794202861734],
            [101.405990969214315, 0.700935717766868],
            [101.424550765059962, 0.699508041163426],
            [101.433706321116006, 0.688924808503771],
            [101.439208824692173, 0.683422304927831],
            [101.443824399207131, 0.678806730412703],
            [101.453818135431618, 0.679520568714395],
            [101.457149836632595, 0.666563952933416],
            [101.45873014673208, 0.660418302546589],
            [101.460242680147417, 0.654536228153177],
            [101.465992632638972, 0.648786275661791],
            [101.469522578070041, 0.645256330230552],
            [101.472512821995394, 0.642099961642714],
            [101.476221394340428, 0.638185357500731],
            [101.480906935164228, 0.633239508853478],
            [101.486158609530548, 0.628616512098802],
            [101.488832472078627, 0.628498384370573],
            [101.493793080329567, 0.622413504574467],
            [101.495792510615956, 0.621270972982302],
            [101.501686252491993, 0.617903120481742],
            [101.508172571676141, 0.614196652376506],
            [101.513780552778599, 0.610992091746539],
            [101.520918935796089, 0.61027825344479],
            [101.525147700916932, 0.622259754620359],
            [101.529484995417022, 0.634548755704316],
            [101.535900207608336, 0.643530052772121],
            [101.542110118510436, 0.652223928034857],
            [101.546315512585409, 0.658441965180657],
            [101.550219123160275, 0.664412193118835],
            [101.553444186662205, 0.669344643180523],
            [101.557370249526173, 0.67541111062576],
            [101.561356721512823, 0.681675566604781],
            [101.565890748806169, 0.68880046663719],
            [101.569337838977845, 0.693750134576192],
            [101.573800190580073, 0.700157613799661],
            [101.577073162952274, 0.704857266436818],
            [101.581689947040843, 0.711486494871508],
            [101.588032887791428, 0.720594307231238],
            [101.59373044257444, 0.728775411535139],
            [101.609434885212806, 0.73591379455263],
            [101.625853166153149, 0.753045913794608],
            [101.635133064075944, 0.777316416054134],
            [101.63878184724291, 0.78417170564046],
            [101.644823624567948, 0.79552292364508],
            [101.65108215890865, 0.807281382103554],
            [101.658689728033551, 0.821574390762521],
            [101.678857788055382, 0.839575137654492],
            [101.688670936707126, 0.847986407927124],
            [101.694887966826968, 0.857104718769733],
            [101.699378511233363, 0.863690850565717],
            [101.702946687829126, 0.869672793682071],
            [101.708630011891898, 0.879200719316998],
            [101.714842802058115, 0.889616279301435],
            [101.723649013492661, 0.904379633765359],
            [101.741494971036389, 0.872970748488342],
            [101.750061030657491, 0.862977012264025],
            [101.762196281787169, 0.841561863211552],
            [101.777186886123843, 0.839420348306248],
            [101.79574668196949, 0.838706510004499],
            [101.848570716298752, 0.795876211899554],
            [101.868558188747841, 0.792307020390808],
            [101.888545661196872, 0.783027122468013],
            [101.899253235723108, 0.777316416054134],
            [101.916385354964916, 0.766608841527898],
            [101.921014815442277, 0.762104501604085],
            [101.929407761211621, 0.758435053132814],
            [101.944374260809127, 0.738916362276143],
            [101.946733735926273, 0.735932320216307],
            [101.948724913238721, 0.733414066556634],
            [101.952025593856604, 0.729239676363477],
            [101.954579986817578, 0.726009120559809],
            [101.956543164881623, 0.723526277714029],
            [101.959696310998822, 0.719538475271804],
            [101.963449287166327, 0.714792064236406],
            [101.967067874389272, 0.710215615689663],
            [101.968567083415849, 0.707453914851328],
            [101.970580143433779, 0.703745646397294],
            [101.972176452708766, 0.700805076680126],
            [101.974075490635641, 0.69730684892005],
            [101.97643631803129, 0.692957956349176],
            [101.978464200920996, 0.689222382604783],
            [101.979289909268687, 0.688803140781147],
            [101.982393509935491, 0.682146536455775],
            [101.984054007646535, 0.679240665461293],
            [101.986227004651312, 0.675437920703075],
            [101.989196861743437, 0.67024067079177],
            [101.991054110119364, 0.668259605857429],
            [101.994023736817496, 0.665092004046187],
            [101.995981226879792, 0.663004014646333],
            [101.999904436269674, 0.658819257963614],
            [102.001802056277654, 0.662199393602748],
            [102.004769004145317, 0.667484269492206],
            [102.008785520958668, 0.674638690065706],
            [102.011645908176263, 0.679733754797212],
            [102.015467123195833, 0.686540294050872],
            [102.018297930032247, 0.691582668728472],
            [102.024026229623928, 0.70163965399405],
            [102.035082325203405, 0.720066479959769],
            [102.047731602486806, 0.738769147759626],
            [102.05772533871135, 0.758042781906795],
            [102.061395948589393, 0.764913410652923],
            [102.066991523827426, 0.775387179688096],
            [102.073932616527657, 0.788379481409152],
            [102.080768040317309, 0.801173992605072],
            [102.094131092100497, 0.828712773780012],
            [102.102693516919601, 0.842412653490669],
            [102.1419582583178, 0.91151801678285],
            [102.172653305292897, 0.93221932753363],
            [102.179077850008696, 0.985043361863063],
            [102.185271481373093, 0.983530857128642],
            [102.198596463005856, 0.973061228702932],
            [102.206496273545042, 0.95340688079483],
            [102.212968407481071, 0.936084404672329],
            [102.214300905644222, 0.922569066159269],
            [102.215633403807601, 0.906388731319453],
            [102.211255195556703, 0.884307333185461],
            [102.210113054274018, 0.871553422194154],
            [102.206686630425565, 0.858989868083313],
            [102.204211990979502, 0.84338060388518],
            [102.20040485337023, 0.828342410328275],
            [102.199262712087318, 0.812542789249619],
            [102.200214496489764, 0.784560327821112],
            [102.203260206577227, 0.776184625080475],
            [102.206686630425565, 0.764763212252547],
            [102.214110548763756, 0.747440736130045],
            [102.217917686373198, 0.728785761844335],
            [102.226103032233141, 0.713366854526669],
            [102.230481240483869, 0.688810816946443],
            [102.231623381766724, 0.677770117879447],
            [102.238856943224448, 0.66235121056161],
            [102.249516928530511, 0.643886593156367],
            [102.265316549609338, 0.621805195022205],
            [102.280354743166072, 0.607338072106756],
            [102.300913286256559, 0.591157737267167],
            [102.315570766052474, 0.577832755634574],
            [102.335558238501335, 0.554799573098023],
            [102.348883220134098, 0.53366995936625],
            [102.366015339375963, 0.504735713535354],
            [102.379721034769659, 0.483035029162124],
            [102.393997800804641, 0.456194709016529],
            [102.405990284274026, 0.436016879686974],
            [102.418553838384696, 0.417742619162254],
            [102.433211318180611, 0.406130849453859],
            [102.46271663465302, 0.384620521961097],
            [102.484417319026193, 0.366346261436206],
            [102.501168724507238, 0.348833428433409],
            [102.51278049421569, 0.341599866975685],
            [102.527628330891901, 0.33474701927895],
            [102.550090442787052, 0.333795234876504],
            [102.564176851941511, 0.327323100940703],
            [102.583022183107687, 0.323706320211784],
            [102.602628941795786, 0.321993108287586],
            [102.619189990396364, 0.324467747733706],
            [102.640890674769537, 0.333224164235105],
            [102.659545649055246, 0.338744513768688],
            [102.66982492060049, 0.343693792660815],
            [102.698949523311683, 0.344264863302271],
            [102.727122341620884, 0.341028796334228],
            [102.750916951679187, 0.327894171582159],
            [102.773188706693645, 0.314569189949395],
            [102.804026521329206, 0.313617405547177],
            [102.819445428647043, 0.316663115634526],
            [102.832960767160102, 0.321422037646187],
            [102.854090380891876, 0.32389667709225],
            [102.8721742845363, 0.321612394526653],
            [102.892542470746093, 0.316282401873536],
            [102.912870951683658, 0.304116148395451]
          ]
        ]
      }
    },
    {
      "type": "Feature",
      "properties": { "Id": 0, "Keterangan": "Meranti" },
      "geometry": {
        "type": "MultiPolygon",
        "coordinates": [
          [
            [
              [103.122330604975502, 0.394150105245217],
              [103.124412633355576, 0.379873339210235],
              [103.124710065981333, 0.364109410046581],
              [103.12530493123279, 0.345966019877153],
              [103.126494661735705, 0.327525197081968],
              [103.121438307098288, 0.308786941661026],
              [103.114002491455096, 0.297187069257632],
              [103.104782080057475, 0.294212743000344],
              [103.093777072905539, 0.299566530263462],
              [103.089613016145336, 0.314140728924144],
              [103.088720718268121, 0.326930331830511],
              [103.091100179273951, 0.342991693619865],
              [103.091695044525409, 0.368868332058241],
              [103.092587342402624, 0.379873339210235],
              [103.097048831788527, 0.388201452730641],
              [103.096751399162827, 0.387904020104884],
              [103.104484647431775, 0.397719296753962],
              [103.115787087209469, 0.401883353514165],
              [103.122330604975502, 0.394150105245217]
            ]
          ],
          [
            [
              [103.097643697039985, 0.401883353514165],
              [103.095859101285612, 0.401288488262708],
              [103.092884775028324, 0.41348322591756],
              [103.089613016145336, 0.424190800443796],
              [103.089018150893878, 0.431924048712744],
              [103.089018150893878, 0.433411211841417],
              [103.100618023297272, 0.432816346589959],
              [103.114299924080797, 0.430139452958372],
              [103.12530493123279, 0.423298502566638],
              [103.12054600922113, 0.41348322591756],
              [103.110135867320594, 0.408724303905899],
              [103.097643697039985, 0.401883353514165]
            ]
          ],
          [
            [
              [102.513678648090661, 0.844096560012986],
              [102.531524605634388, 0.842311964258613],
              [102.548775697926658, 0.844691425264443],
              [102.554724350441234, 0.831009524480919],
              [102.564837059716012, 0.816732758445937],
              [102.578518960499537, 0.800671396656583],
              [102.593985457037434, 0.778066517101195],
              [102.611831414581161, 0.753677041791434],
              [102.62432358486177, 0.738210545253537],
              [102.616590336592822, 0.710251878435031],
              [102.614210875586991, 0.694785381897134],
              [102.621349258604482, 0.670990771838831],
              [102.643359272908413, 0.663257523569882],
              [102.671317939726919, 0.665636984575713],
              [102.691543358276476, 0.678129154856322],
              [102.709984181071661, 0.689431594634016],
              [102.730209599621219, 0.696569977651507],
              [102.743891500404743, 0.70073403441171],
              [102.758763131691182, 0.692405920891304],
              [102.757662630976085, 0.673132286744135],
              [102.747311975600667, 0.659926278161834],
              [102.73660440107443, 0.642794158919799],
              [102.721970715888631, 0.627089716281205],
              [102.710192383909771, 0.61780981835858],
              [102.710549303060702, 0.61174219279377],
              [102.715546171172889, 0.61174219279377],
              [102.725896826548194, 0.618880575811261],
              [102.737318239376293, 0.630301988639189],
              [102.744099703242853, 0.642080320618106],
              [102.75409343946734, 0.656714005803849],
              [102.763373337390021, 0.673846125045827],
              [102.76872712465314, 0.68348294211944],
              [102.780505456632, 0.683126022968679],
              [102.792283788610916, 0.670990771838831],
              [102.800492929081031, 0.658855520709153],
              [102.80798823124934, 0.650646380238982],
              [102.817625048323066, 0.642437239768867],
              [102.830117218603675, 0.637083452505749],
              [102.850818529354285, 0.629588150337497],
              [102.863310699634894, 0.621379009867326],
              [102.879015142273431, 0.617452899207649],
              [102.887581201894363, 0.610314516190158],
              [102.903285644532957, 0.596037750155176],
              [102.919703925473073, 0.576407196857076],
              [102.932553014904613, 0.556776643558976],
              [102.945759023486971, 0.536789171110115],
              [102.958608112918512, 0.518229375264468],
              [102.977167908763931, 0.507521800738232],
              [102.998226138665473, 0.491460438948877],
              [103.016785934510949, 0.4793251878192],
              [103.032847296300304, 0.464334583482525],
              [103.053548607051027, 0.443633272731745],
              [103.063899262426503, 0.425787315188018],
              [103.067468453935248, 0.401516812928548],
              [103.070680726293062, 0.374390957462197],
              [103.064970019879013, 0.356544999918469],
              [103.062471585822891, 0.342625153034248],
              [103.06211466667213, 0.329062225300959],
              [103.062828504973822, 0.312643944360843],
              [103.064256181577264, 0.29693950172225],
              [103.056760879409012, 0.284804250592572],
              [103.045696385731844, 0.270170565406659],
              [103.038201083563422, 0.256964556824357],
              [103.033918053752927, 0.248398497203425],
              [103.018570530265322, 0.249469254656105],
              [103.004650683381271, 0.254109203617304],
              [102.995013866307659, 0.270170565406659],
              [102.988232402440985, 0.286231927196013],
              [102.981094019423495, 0.303007127287287],
              [102.960749627823645, 0.32941914445189],
              [102.949685134146648, 0.347978940297367],
              [102.935408368111666, 0.367609493595467],
              [102.921131602076684, 0.371535604255143],
              [102.902214887080277, 0.378317068121703],
              [102.891150393403109, 0.384741612837445],
              [102.874732112462993, 0.395806106514669],
              [102.83261565265974, 0.394021510760297],
              [102.803348282288084, 0.391879995854936],
              [102.77479475021812, 0.390095400100563],
              [102.751595005411275, 0.390452319251551],
              [102.73553364362192, 0.393307672458377],
              [102.692703345516975, 0.394378429911058],
              [102.663079055994331, 0.392950753307616],
              [102.653085319769843, 0.386883127742806],
              [102.631313251566439, 0.377603229819954],
              [102.612396536570202, 0.366538736142786],
              [102.608470425910525, 0.361184948879668],
              [102.596335174780847, 0.360471110577976],
              [102.578132298086189, 0.360828029728907],
              [102.562427855447766, 0.366895655293717],
              [102.542440382998734, 0.374747876612957],
              [102.526022102058448, 0.38224317878138],
              [102.514243770079702, 0.391166157553243],
              [102.504606953005975, 0.395806106514669],
              [102.49318554017799, 0.402587570381172],
              [102.479622612444757, 0.413652064058397],
              [102.469271957069452, 0.420790447075888],
              [102.461419735750212, 0.427214991791459],
              [102.451425999525725, 0.432925698205509],
              [102.442503020753861, 0.444347111033494],
              [102.437149233490743, 0.451485494050985],
              [102.421801710003081, 0.478254430366576],
              [102.417518680192643, 0.491103519798116],
              [102.41466332698559, 0.51358942630327],
              [102.417875599343574, 0.526795434885571],
              [102.432033392328151, 0.551065937145097],
              [102.442978912955027, 0.572956978398565],
              [102.4500280661847, 0.588304501886228],
              [102.4696586194828, 0.582950714623109],
              [102.483935385517782, 0.577596927359991],
              [102.500591612558594, 0.581760984120194],
              [102.510109456581915, 0.600796672166837],
              [102.502376208312967, 0.633514260997003],
              [102.495237825295476, 0.654334544798019],
              [102.495237825295476, 0.684077807370898],
              [102.483340520266324, 0.721554318212725],
              [102.470848349985715, 0.759030829054552],
              [102.472632945740088, 0.788179226375973],
              [102.48690971177507, 0.824466006714886],
              [102.49166863378673, 0.845286290515901],
              [102.513678648090661, 0.844096560012986]
            ]
          ],
          [
            [
              [103.029863055622229, 0.74627096941083],
              [103.044139821657211, 0.723666089855442],
              [103.059011452943651, 0.704630401808799],
              [103.07388308423009, 0.681430657001954],
              [103.088754715516529, 0.665369295212599],
              [103.096487963785478, 0.646333607165957],
              [103.106005807808799, 0.632056841130975],
              [103.116713382335035, 0.616590344593078],
              [103.124446630603984, 0.595175195540605],
              [103.130593571535712, 0.58952397565173],
              [103.142788309190621, 0.569595989727929],
              [103.153793316342558, 0.556508954195863],
              [103.162121429862964, 0.544314216540954],
              [103.167772649751839, 0.534498939891932],
              [103.171936706512042, 0.521709336985566],
              [103.172234139137743, 0.502971081564681],
              [103.171341841260585, 0.485422556646654],
              [103.16807008237754, 0.467279166477226],
              [103.15765994047706, 0.457463889828148],
              [103.146357500699366, 0.451515237313572],
              [103.127619245278424, 0.443187123793166],
              [103.107096394103166, 0.441402528038793],
              [103.089547869185139, 0.445269152173296],
              [103.077947996781745, 0.456274159325233],
              [103.064860961249678, 0.472632953740344],
              [103.049097032086024, 0.490478911284072],
              [103.026194719904936, 0.508027436202042],
              [103.002400109846633, 0.525873393745769],
              [102.981877258671318, 0.538960429277836],
              [102.964626166379048, 0.548775705926914],
              [102.956000620232942, 0.556508954195863],
              [102.951539130846982, 0.571678018108003],
              [102.943211017326576, 0.582980457885697],
              [102.928339386040136, 0.601421280680881],
              [102.911088293747866, 0.614210883587248],
              [102.893837201455597, 0.627892784370772],
              [102.878965570169157, 0.634138869511048],
              [102.857252988490984, 0.643061848282912],
              [102.840596761450172, 0.652282259680533],
              [102.827807158543806, 0.655256585937821],
              [102.817099584017569, 0.664476997335385],
              [102.807284307368548, 0.675184571861621],
              [102.803417683234045, 0.687081876890772],
              [102.801335654853972, 0.697492018791309],
              [102.798658761222384, 0.706712430188873],
              [102.790925512953436, 0.701061210300054],
              [102.779623073175742, 0.700466345048596],
              [102.771592392281093, 0.70730729544033],
              [102.764156576637845, 0.717717437340866],
              [102.754043867363066, 0.724260955106899],
              [102.733223583562051, 0.725153252984057],
              [102.716864789146996, 0.717717437340866],
              [102.70407518624063, 0.70938932382046],
              [102.690095852831405, 0.705225267060257],
              [102.678198547802253, 0.697492018791309],
              [102.665706377521644, 0.689163905270902],
              [102.65440393774395, 0.682620387504869],
              [102.635665682323008, 0.682917820130569],
              [102.63269135606572, 0.691840798902433],
              [102.631799058188562, 0.695707423036936],
              [102.633682798151483, 0.702250940802969],
              [102.647364698935007, 0.702845806054427],
              [102.661641464969989, 0.71176878482629],
              [102.670564443741853, 0.733183933878763],
              [102.673538769999141, 0.750435026171033],
              [102.677702826759344, 0.76590152270893],
              [102.678297692010801, 0.788506402264318],
              [102.685436075028292, 0.80754209031096],
              [102.694953919051613, 0.824198317351772],
              [102.702687167320562, 0.835500757129466],
              [102.718153663858459, 0.854536445176109],
              [102.733025295144898, 0.868813211211091],
              [102.749086656934253, 0.881900246743157],
              [102.762768557717777, 0.886659168754818],
              [102.785968302524623, 0.88606430350336],
              [102.813926969343129, 0.877736189982954],
              [102.84307536666455, 0.867028615456718],
              [102.869844302980141, 0.855726175679024],
              [102.896018374044274, 0.851562118918821],
              [102.913864331588002, 0.839664813889669],
              [102.945987055166711, 0.816465069082824],
              [102.973350856733759, 0.803972898802215],
              [102.992386544780402, 0.795049920030351],
              [103.008447906569756, 0.780773153995369],
              [103.022724672604738, 0.7635220617031],
              [103.029863055622229, 0.74627096941083]
            ]
          ],
          [
            [
              [102.29134181170599, 1.232722028790249],
              [102.307403173495345, 1.21814783012951],
              [102.316623584892966, 1.200301872585783],
              [102.328818322547818, 1.184537943422185],
              [102.341310492828427, 1.170261177387204],
              [102.354992393611951, 1.155092113475007],
              [102.370458890149848, 1.133676964422534],
              [102.382356195179, 1.112856680621519],
              [102.402879046354315, 1.092036396820504],
              [102.42399676278103, 1.075082737153991],
              [102.442735018201972, 1.054262453352976],
              [102.457606649488412, 1.035821630557791],
              [102.479616663792342, 1.014109048879561],
              [102.491811401447194, 0.997155389213049],
              [102.496867756084612, 0.986745247312513],
              [102.495975458207397, 0.943617516581867],
              [102.490026805692821, 0.927556154792512],
              [102.484375585804003, 0.9111973603774],
              [102.4805089616695, 0.899894920599706],
              [102.472180848149094, 0.883833558810352],
              [102.468314224014648, 0.863608140260794],
              [102.468314224014648, 0.846654480594282],
              [102.461175840997157, 0.831485416682085],
              [102.4608784083714, 0.8130445938869],
              [102.454037457979666, 0.798470395226218],
              [102.450170833845164, 0.781814168185406],
              [102.448683670716548, 0.760993884384391],
              [102.454632323231124, 0.741660763711991],
              [102.461770706248615, 0.722327643039648],
              [102.466827060885976, 0.709240607507581],
              [102.473965443903467, 0.694666408846842],
              [102.478724365915127, 0.679794777560403],
              [102.480806394295257, 0.663435983145348],
              [102.482293557423873, 0.650646380238982],
              [102.483185855301087, 0.641723401467118],
              [102.485565316306918, 0.633395287946712],
              [102.491513968821494, 0.617036493531657],
              [102.492108834072951, 0.606923784256878],
              [102.490324238318578, 0.595621344479184],
              [102.481401259546715, 0.593241883473354],
              [102.472775713400551, 0.596513642356342],
              [102.459688677868485, 0.602164862245218],
              [102.448683670716548, 0.604841755876748],
              [102.442735018201972, 0.5971085076078],
              [102.437083798313097, 0.589672691964608],
              [102.431135145798521, 0.577180521683999],
              [102.427565954289776, 0.567662677660678],
              [102.418940408143669, 0.563796053526175],
              [102.404663642108687, 0.559037131514515],
              [102.396038095962524, 0.555765372631527],
              [102.385627954062045, 0.55992942939173],
              [102.375812677412966, 0.570042138666508],
              [102.36718713126686, 0.580452280566988],
              [102.358859017746454, 0.592647018221896],
              [102.348151443220218, 0.607221216882579],
              [102.340418194951269, 0.619713387163188],
              [102.329710620425033, 0.630718394315181],
              [102.319597911150254, 0.639938805712745],
              [102.31305439338422, 0.646779756104536],
              [102.303536549360899, 0.655107869624942],
              [102.295803301091951, 0.663435983145348],
              [102.287177754945787, 0.675928153425957],
              [102.283905996062799, 0.682174238566233],
              [102.278552208799681, 0.698830465607045],
              [102.274388152039478, 0.712214933764869],
              [102.269629230027817, 0.725599401922636],
              [102.266357471144772, 0.73898387008046],
              [102.261003683881654, 0.75653239499843],
              [102.254638625691086, 0.772772216363308],
              [102.251069434182341, 0.787048982398289],
              [102.247143323522664, 0.795971961170153],
              [102.24393105116485, 0.80596569739464],
              [102.245715646919223, 0.832734633710231],
              [102.248571000126105, 0.844512965688978],
              [102.252140191634851, 0.859860489176583],
              [102.254638625691086, 0.875921850965938],
              [102.257137059747208, 0.895552404264038],
              [102.256066302294528, 0.918395229920122],
              [102.251426353333102, 0.945164166235713],
              [102.244644889466599, 0.968363911042559],
              [102.239291102203481, 0.987994464340659],
              [102.228940446828005, 1.007268098487828],
              [102.221802063810514, 1.022972541126251],
              [102.216448276547396, 1.038320064613856],
              [102.212879085038651, 1.046172285933096],
              [102.216448276547396, 1.059378294515568],
              [102.220374387207073, 1.073298141399619],
              [102.225014336168499, 1.085433392529296],
              [102.230725042582378, 1.098282481960837],
              [102.234294234091124, 1.108633137336142],
              [102.236435748996428, 1.117199196957245],
              [102.235008072392986, 1.169666312135746],
              [102.228226608526256, 1.186798431377781],
              [102.221802063810514, 1.200004439960082],
              [102.217162114849259, 1.212496610240692],
              [102.217162114849259, 1.223204184766928],
              [102.2185897914527, 1.228557972030046],
              [102.218768251028166, 1.230342567784419],
              [102.231557853934532, 1.227368241527131],
              [102.260111386004496, 1.227070808901374],
              [102.275875315168093, 1.233316894041707],
              [102.29134181170599, 1.232722028790249]
            ]
          ]
        ]
      }
    }
  ]
}
    